{
	"format_version": "1.12.0",
	"minecraft:geometry": [
		{
			"description": {
				"identifier": "geometry.unknown",
				"texture_width": 16,
				"texture_height": 16,
				"visible_bounds_width": 3,
				"visible_bounds_height": 2.5,
				"visible_bounds_offset": [0, 0.75, 0]
			},
			"bones": [
				{
					"name": "Root",
					"pivot": [0, 0, 0]
				},
				{
					"name": "MAllBody",
					"parent": "Root",
					"pivot": [0, 0, 0]
				},
				{
					"name": "UpBody",
					"parent": "MAllBody",
					"pivot": [0, 0, 0]
				},
				{
					"name": "MUpperBody",
					"parent": "UpBody",
					"pivot": [0, 0, 0]
				},
				{
					"name": "UpperBody",
					"parent": "MUpperBody",
					"pivot": [0, 0, 0]
				},
				{
					"name": "AllHead",
					"parent": "UpperBody",
					"pivot": [0, 8, 0]
				},
				{
					"name": "MHead",
					"parent": "AllHead",
					"pivot": [0, 8, 0]
				},
				{
					"name": "Head",
					"parent": "MHead",
					"pivot": [-0.06422, 8.38807, 1.26387],
					"cubes": [
						{
							"origin": [-4.007, 6.01, -4.068],
							"size": [0.49, 0.745, 0.085],
							"uv": {
								"north": {"uv": [11, 8], "uv_size": [-0.25, 0.25]},
								"east": {"uv": [11, 8.75], "uv_size": [-0.25, 0.25]},
								"south": {"uv": [11, 8.5], "uv_size": [-0.25, 0.25]},
								"west": {"uv": [11, 8.25], "uv_size": [-0.25, 0.25]},
								"up": {"uv": [11, 9.25], "uv_size": [-0.25, 0.25]},
								"down": {"uv": [9.75, 11], "uv_size": [-0.25, -0.25]}
							}
						},
						{
							"origin": [-3.782, 5.61, -4.068],
							"size": [1.69, 0.42, 0.085],
							"uv": {
								"north": {"uv": [10.75, 5.25], "uv_size": [-0.5, 0.25]},
								"east": {"uv": [11, 7.75], "uv_size": [-0.25, 0.25]},
								"south": {"uv": [10.75, 6.75], "uv_size": [-0.5, 0.25]},
								"west": {"uv": [11, 7.5], "uv_size": [-0.25, 0.25]},
								"up": {"uv": [10.75, 7], "uv_size": [-0.5, 0.25]},
								"down": {"uv": [10.75, 7.5], "uv_size": [-0.5, -0.25]}
							}
						},
						{
							"origin": [-2.332, 5.935, -4.118],
							"size": [0.19, 0.62, 0.06],
							"pivot": [-2.8495, 6.25125, -4.088],
							"rotation": [0, 0, -15],
							"uv": {
								"north": {"uv": [7, 10.75], "uv_size": [-0.25, 0.25]},
								"east": {"uv": [11, 7], "uv_size": [-0.25, 0.25]},
								"south": {"uv": [7.25, 10.75], "uv_size": [-0.25, 0.25]},
								"west": {"uv": [11, 6.75], "uv_size": [-0.25, 0.25]},
								"up": {"uv": [11, 7.25], "uv_size": [-0.25, 0.25]},
								"down": {"uv": [7.75, 11], "uv_size": [-0.25, -0.25]}
							}
						},
						{
							"origin": [-2.732, 5.91, -4.118],
							"size": [0.19, 0.82, 0.06],
							"pivot": [-2.8495, 6.35125, -4.088],
							"rotation": [0, 0, -15],
							"uv": {
								"north": {"uv": [11, 5.75], "uv_size": [-0.25, 0.25]},
								"east": {"uv": [6.5, 10.75], "uv_size": [-0.25, 0.25]},
								"south": {"uv": [11, 6], "uv_size": [-0.25, 0.25]},
								"west": {"uv": [6.25, 10.75], "uv_size": [-0.25, 0.25]},
								"up": {"uv": [11, 6.25], "uv_size": [-0.25, 0.25]},
								"down": {"uv": [6.75, 11], "uv_size": [-0.25, -0.25]}
							}
						},
						{
							"origin": [-3.182, 6.035, -4.118],
							"size": [0.19, 0.695, 0.06],
							"pivot": [-2.8495, 6.40125, -4.088],
							"rotation": [0, 0, -15],
							"uv": {
								"north": {"uv": [4.25, 10.75], "uv_size": [-0.25, 0.25]},
								"east": {"uv": [11, 5], "uv_size": [-0.25, 0.25]},
								"south": {"uv": [11, 4.75], "uv_size": [-0.25, 0.25]},
								"west": {"uv": [11, 4.5], "uv_size": [-0.25, 0.25]},
								"up": {"uv": [11, 5.25], "uv_size": [-0.25, 0.25]},
								"down": {"uv": [11, 5.75], "uv_size": [-0.25, -0.25]}
							}
						},
						{
							"origin": [-3.557, 6.11, -4.118],
							"size": [0.19, 0.52, 0.06],
							"pivot": [-2.8495, 6.35125, -4.088],
							"rotation": [0, 0, -15],
							"uv": {
								"north": {"uv": [3.25, 10.75], "uv_size": [-0.25, 0.25]},
								"east": {"uv": [11, 3.5], "uv_size": [-0.25, 0.25]},
								"south": {"uv": [3.75, 10.75], "uv_size": [-0.25, 0.25]},
								"west": {"uv": [3.5, 10.75], "uv_size": [-0.25, 0.25]},
								"up": {"uv": [4, 10.75], "uv_size": [-0.25, 0.25]},
								"down": {"uv": [11, 4], "uv_size": [-0.25, -0.25]}
							}
						},
						{
							"origin": [-3.557, 5.91, -4.068],
							"size": [1.64, 1.17, 0.085],
							"uv": {
								"north": {"uv": [10.25, 2], "uv_size": [-0.5, 0.25]},
								"east": {"uv": [2.75, 10.75], "uv_size": [-0.25, 0.25]},
								"south": {"uv": [10.75, 4.5], "uv_size": [-0.5, 0.25]},
								"west": {"uv": [2.5, 10.75], "uv_size": [-0.25, 0.25]},
								"up": {"uv": [10.75, 4.75], "uv_size": [-0.5, 0.25]},
								"down": {"uv": [10.75, 5.25], "uv_size": [-0.5, -0.25]}
							}
						},
						{
							"origin": [-1.932, 6.01, -4.068],
							"size": [0.315, 0.795, 0.085],
							"uv": {
								"north": {"uv": [11, 1.25], "uv_size": [-0.25, 0.25]},
								"east": {"uv": [2, 10.75], "uv_size": [-0.25, 0.25]},
								"south": {"uv": [11, 1.5], "uv_size": [-0.25, 0.25]},
								"west": {"uv": [1.75, 10.75], "uv_size": [-0.25, 0.25]},
								"up": {"uv": [11, 1.75], "uv_size": [-0.25, 0.25]},
								"down": {"uv": [2.25, 11], "uv_size": [-0.25, -0.25]}
							}
						},
						{
							"origin": [3.517, 6.01, -4.068],
							"size": [0.49, 0.745, 0.085],
							"uv": {
								"north": {"uv": [10.75, 8], "uv_size": [0.25, 0.25]},
								"east": {"uv": [10.75, 8.25], "uv_size": [0.25, 0.25]},
								"south": {"uv": [10.75, 8.5], "uv_size": [0.25, 0.25]},
								"west": {"uv": [10.75, 8.75], "uv_size": [0.25, 0.25]},
								"up": {"uv": [10.75, 9.25], "uv_size": [0.25, 0.25]},
								"down": {"uv": [9.5, 11], "uv_size": [0.25, -0.25]}
							}
						},
						{
							"origin": [2.092, 5.61, -4.068],
							"size": [1.69, 0.42, 0.085],
							"uv": {
								"north": {"uv": [10.25, 5.25], "uv_size": [0.5, 0.25]},
								"east": {"uv": [10.75, 7.5], "uv_size": [0.25, 0.25]},
								"south": {"uv": [10.25, 6.75], "uv_size": [0.5, 0.25]},
								"west": {"uv": [10.75, 7.75], "uv_size": [0.25, 0.25]},
								"up": {"uv": [10.25, 7], "uv_size": [0.5, 0.25]},
								"down": {"uv": [10.25, 7.5], "uv_size": [0.5, -0.25]}
							}
						},
						{
							"origin": [2.142, 5.935, -4.118],
							"size": [0.19, 0.62, 0.06],
							"pivot": [2.8495, 6.25125, -4.088],
							"rotation": [0, 0, 15],
							"uv": {
								"north": {"uv": [6.75, 10.75], "uv_size": [0.25, 0.25]},
								"east": {"uv": [10.75, 6.75], "uv_size": [0.25, 0.25]},
								"south": {"uv": [7, 10.75], "uv_size": [0.25, 0.25]},
								"west": {"uv": [10.75, 7], "uv_size": [0.25, 0.25]},
								"up": {"uv": [10.75, 7.25], "uv_size": [0.25, 0.25]},
								"down": {"uv": [7.5, 11], "uv_size": [0.25, -0.25]}
							}
						},
						{
							"origin": [2.542, 5.91, -4.118],
							"size": [0.19, 0.82, 0.06],
							"pivot": [2.8495, 6.35125, -4.088],
							"rotation": [0, 0, 15],
							"uv": {
								"north": {"uv": [10.75, 5.75], "uv_size": [0.25, 0.25]},
								"east": {"uv": [6, 10.75], "uv_size": [0.25, 0.25]},
								"south": {"uv": [10.75, 6], "uv_size": [0.25, 0.25]},
								"west": {"uv": [6.25, 10.75], "uv_size": [0.25, 0.25]},
								"up": {"uv": [10.75, 6.25], "uv_size": [0.25, 0.25]},
								"down": {"uv": [6.5, 11], "uv_size": [0.25, -0.25]}
							}
						},
						{
							"origin": [2.992, 6.035, -4.118],
							"size": [0.19, 0.695, 0.06],
							"pivot": [2.8495, 6.40125, -4.088],
							"rotation": [0, 0, 15],
							"uv": {
								"north": {"uv": [4, 10.75], "uv_size": [0.25, 0.25]},
								"east": {"uv": [10.75, 4.5], "uv_size": [0.25, 0.25]},
								"south": {"uv": [10.75, 4.75], "uv_size": [0.25, 0.25]},
								"west": {"uv": [10.75, 5], "uv_size": [0.25, 0.25]},
								"up": {"uv": [10.75, 5.25], "uv_size": [0.25, 0.25]},
								"down": {"uv": [10.75, 5.75], "uv_size": [0.25, -0.25]}
							}
						},
						{
							"origin": [3.367, 6.11, -4.118],
							"size": [0.19, 0.52, 0.06],
							"pivot": [2.8495, 6.35125, -4.088],
							"rotation": [0, 0, 15],
							"uv": {
								"north": {"uv": [3, 10.75], "uv_size": [0.25, 0.25]},
								"east": {"uv": [3.25, 10.75], "uv_size": [0.25, 0.25]},
								"south": {"uv": [3.5, 10.75], "uv_size": [0.25, 0.25]},
								"west": {"uv": [10.75, 3.5], "uv_size": [0.25, 0.25]},
								"up": {"uv": [3.75, 10.75], "uv_size": [0.25, 0.25]},
								"down": {"uv": [10.75, 4], "uv_size": [0.25, -0.25]}
							}
						},
						{
							"origin": [1.917, 5.91, -4.068],
							"size": [1.64, 1.17, 0.085],
							"uv": {
								"north": {"uv": [9.75, 2], "uv_size": [0.5, 0.25]},
								"east": {"uv": [2.25, 10.75], "uv_size": [0.25, 0.25]},
								"south": {"uv": [10.25, 4.5], "uv_size": [0.5, 0.25]},
								"west": {"uv": [2.5, 10.75], "uv_size": [0.25, 0.25]},
								"up": {"uv": [10.25, 4.75], "uv_size": [0.5, 0.25]},
								"down": {"uv": [10.25, 5.25], "uv_size": [0.5, -0.25]}
							}
						},
						{
							"origin": [1.617, 6.01, -4.068],
							"size": [0.315, 0.795, 0.085],
							"uv": {
								"north": {"uv": [10.75, 1.25], "uv_size": [0.25, 0.25]},
								"east": {"uv": [1.5, 10.75], "uv_size": [0.25, 0.25]},
								"south": {"uv": [10.75, 1.5], "uv_size": [0.25, 0.25]},
								"west": {"uv": [1.75, 10.75], "uv_size": [0.25, 0.25]},
								"up": {"uv": [10.75, 1.75], "uv_size": [0.25, 0.25]},
								"down": {"uv": [2, 11], "uv_size": [0.25, -0.25]}
							}
						},
						{
							"origin": [-3, 11.5, -2.5],
							"size": [6, 1.25, 6.25],
							"uv": {
								"north": {"uv": [9, 6.5], "uv_size": [1.5, 0.25]},
								"east": {"uv": [9, 7.5], "uv_size": [1.5, 0.25]},
								"south": {"uv": [9, 7.75], "uv_size": [1.5, 0.25]},
								"west": {"uv": [9, 8], "uv_size": [1.5, 0.25]},
								"up": {"uv": [6.25, 4.5], "uv_size": [1.5, 1.5]},
								"down": {"uv": [0, 9], "uv_size": [1.5, -1.5]}
							}
						},
						{
							"origin": [-6.13757, 2.89386, 4.30765],
							"size": [1.1443, 1.16814, 0.49947],
							"pivot": [-6.06605, 4.44343, 4.64141],
							"rotation": [-12.2179, -12.6806, -152.7921],
							"uv": {
								"north": {"uv": [11.5, 7.5], "uv_size": [-0.25, 0.25]},
								"east": {"uv": [8.25, 11.25], "uv_size": [-0.25, 0.25]},
								"south": {"uv": [11.5, 7.75], "uv_size": [-0.25, 0.25]},
								"west": {"uv": [8, 11.25], "uv_size": [-0.25, 0.25]},
								"up": {"uv": [11.5, 8], "uv_size": [-0.25, 0.25]},
								"down": {"uv": [8.5, 11.5], "uv_size": [-0.25, -0.25]}
							}
						},
						{
							"origin": [-6.87152, 4.16679, 4.30615],
							"size": [1.2635, 1.19198, 0.50063],
							"pivot": [-6.18017, 4.78662, 4.56838],
							"rotation": [-1.0251, -17.5101, 166.0031],
							"uv": {
								"north": {"uv": [11.5, 6.75], "uv_size": [-0.25, 0.25]},
								"east": {"uv": [7.5, 11.25], "uv_size": [-0.25, 0.25]},
								"south": {"uv": [11.5, 7], "uv_size": [-0.25, 0.25]},
								"west": {"uv": [7.25, 11.25], "uv_size": [-0.25, 0.25]},
								"up": {"uv": [11.5, 7.25], "uv_size": [-0.25, 0.25]},
								"down": {"uv": [7.75, 11.5], "uv_size": [-0.25, -0.25]}
							}
						},
						{
							"origin": [-6.40212, 3.9657, 3.99627],
							"size": [2.02637, 2.14556, 0.54831],
							"pivot": [-5.44853, 5.51528, 4.35387],
							"rotation": [-17.4938, -1.281, -111.4576],
							"uv": {
								"north": {"uv": [10.25, 8.75], "uv_size": [-0.5, 0.5]},
								"east": {"uv": [9.25, 10.5], "uv_size": [-0.25, 0.5]},
								"south": {"uv": [0.5, 10], "uv_size": [-0.5, 0.5]},
								"west": {"uv": [9, 10.5], "uv_size": [-0.25, 0.5]},
								"up": {"uv": [11, 6.5], "uv_size": [-0.5, 0.25]},
								"down": {"uv": [11, 9.25], "uv_size": [-0.5, -0.25]}
							}
						},
						{
							"origin": [-5.29424, 0.75048, 4.11133],
							"size": [1.1443, 2.47932, 0.59715],
							"pivot": [-5.22272, 3.32516, 4.49276],
							"rotation": [-16.3592, -6.4129, -128.232],
							"uv": {
								"north": {"uv": [10.75, 8], "uv_size": [-0.25, 0.5]},
								"east": {"uv": [10.75, 8.5], "uv_size": [-0.25, 0.5]},
								"south": {"uv": [8.75, 10.5], "uv_size": [-0.25, 0.5]},
								"west": {"uv": [8.5, 10.5], "uv_size": [-0.25, 0.5]},
								"up": {"uv": [11.5, 6.5], "uv_size": [-0.25, 0.25]},
								"down": {"uv": [7, 11.5], "uv_size": [-0.25, -0.25]}
							}
						},
						{
							"origin": [-6.22756, 3.36541, 4.17642],
							"size": [1.1443, 1.59725, 0.59831],
							"pivot": [-5.65541, 3.94948, 4.42674],
							"rotation": [-16.193, 6.8308, -85.1276],
							"uv": {
								"north": {"uv": [7.5, 10.5], "uv_size": [-0.25, 0.5]},
								"east": {"uv": [8.25, 10.5], "uv_size": [-0.25, 0.5]},
								"south": {"uv": [8, 10.5], "uv_size": [-0.25, 0.5]},
								"west": {"uv": [10.75, 7.5], "uv_size": [-0.25, 0.5]},
								"up": {"uv": [11.5, 6.25], "uv_size": [-0.25, 0.25]},
								"down": {"uv": [6.75, 11.5], "uv_size": [-0.25, -0.25]}
							}
						},
						{
							"origin": [-7.27784, 6.19589, 4.54467],
							"size": [1.17123, 1.19563, 0.48681],
							"pivot": [-7.20464, 7.78192, 4.88628],
							"rotation": [-13.9483, -12.0285, -121.5713],
							"uv": {
								"north": {"uv": [11.5, 5.5], "uv_size": [-0.25, 0.25]},
								"east": {"uv": [6.25, 11.25], "uv_size": [-0.25, 0.25]},
								"south": {"uv": [11.5, 5.75], "uv_size": [-0.25, 0.25]},
								"west": {"uv": [6, 11.25], "uv_size": [-0.25, 0.25]},
								"up": {"uv": [11.5, 6], "uv_size": [-0.25, 0.25]},
								"down": {"uv": [6.5, 11.5], "uv_size": [-0.25, -0.25]}
							}
						},
						{
							"origin": [-7.83393, 7.50695, 4.53254],
							"size": [1.29323, 1.22003, 0.48741],
							"pivot": [-7.12631, 8.14136, 4.80094],
							"rotation": [-2.8132, -18.1305, -162.5991],
							"uv": {
								"north": {"uv": [11.5, 4.75], "uv_size": [-0.25, 0.25]},
								"east": {"uv": [5.5, 11.25], "uv_size": [-0.25, 0.25]},
								"south": {"uv": [11.5, 5], "uv_size": [-0.25, 0.25]},
								"west": {"uv": [5.25, 11.25], "uv_size": [-0.25, 0.25]},
								"up": {"uv": [11.5, 5.25], "uv_size": [-0.25, 0.25]},
								"down": {"uv": [5.75, 11.5], "uv_size": [-0.25, -0.25]}
							}
						},
						{
							"origin": [-7.08144, 6.80573, 4.18945],
							"size": [2.07405, 2.19605, 0.53621],
							"pivot": [-6.10541, 8.39177, 4.55545],
							"rotation": [-18.3374, 0.3224, -80.6001],
							"uv": {
								"north": {"uv": [10.25, 1.5], "uv_size": [-0.5, 0.5]},
								"east": {"uv": [6, 10.5], "uv_size": [-0.25, 0.5]},
								"south": {"uv": [10.25, 8.25], "uv_size": [-0.5, 0.5]},
								"west": {"uv": [5.75, 10.5], "uv_size": [-0.25, 0.5]},
								"up": {"uv": [11, 4.25], "uv_size": [-0.5, 0.25]},
								"down": {"uv": [6.5, 10.75], "uv_size": [-0.5, -0.25]}
							}
						},
						{
							"origin": [-7.12633, 3.71798, 4.37678],
							"size": [1.17123, 2.53766, 0.58561],
							"pivot": [-7.05313, 6.35324, 4.76719],
							"rotation": [-17.6347, -5.1198, -97.2534],
							"uv": {
								"north": {"uv": [9.75, 10], "uv_size": [-0.25, 0.75]},
								"east": {"uv": [10.5, 0], "uv_size": [-0.25, 0.75]},
								"south": {"uv": [10.25, 10], "uv_size": [-0.25, 0.75]},
								"west": {"uv": [10, 10], "uv_size": [-0.25, 0.75]},
								"up": {"uv": [11.5, 4.5], "uv_size": [-0.25, 0.25]},
								"down": {"uv": [5, 11.5], "uv_size": [-0.25, -0.25]}
							}
						},
						{
							"origin": [-7.69273, 6.52918, 4.42489],
							"size": [1.17123, 1.63484, 0.58621],
							"pivot": [-7.10712, 7.12699, 4.6811],
							"rotation": [-16.2386, 8.642, -54.2833],
							"uv": {
								"north": {"uv": [4.5, 10.5], "uv_size": [-0.25, 0.5]},
								"east": {"uv": [5.5, 10.5], "uv_size": [-0.25, 0.5]},
								"south": {"uv": [5, 10.5], "uv_size": [-0.25, 0.5]},
								"west": {"uv": [4.75, 10.5], "uv_size": [-0.25, 0.5]},
								"up": {"uv": [11.5, 4.25], "uv_size": [-0.25, 0.25]},
								"down": {"uv": [4.75, 11.5], "uv_size": [-0.25, -0.25]}
							}
						},
						{
							"origin": [-6.2373, 9.53676, 4.22836],
							"size": [1.34624, 1.37428, 0.59203],
							"pivot": [-6.15316, 11.35979, 4.62101],
							"rotation": [-17.3971, -2.6625, -82.2643],
							"uv": {
								"north": {"uv": [11.5, 3.5], "uv_size": [-0.25, 0.25]},
								"east": {"uv": [4.25, 11.25], "uv_size": [-0.25, 0.25]},
								"south": {"uv": [11.5, 3.75], "uv_size": [-0.25, 0.25]},
								"west": {"uv": [4, 11.25], "uv_size": [-0.25, 0.25]},
								"up": {"uv": [11.5, 4], "uv_size": [-0.25, 0.25]},
								"down": {"uv": [4.5, 11.5], "uv_size": [-0.25, -0.25]}
							}
						},
						{
							"origin": [-6.64776, 10.87554, 4.14878],
							"size": [1.48647, 1.40233, 0.58898],
							"pivot": [-5.8344, 11.60475, 4.4573],
							"rotation": [-11.7882, -13.1538, -121.3079],
							"uv": {
								"north": {"uv": [11.5, 2.75], "uv_size": [-0.25, 0.25]},
								"east": {"uv": [3.5, 11.25], "uv_size": [-0.25, 0.25]},
								"south": {"uv": [11.5, 3], "uv_size": [-0.25, 0.25]},
								"west": {"uv": [3.25, 11.25], "uv_size": [-0.25, 0.25]},
								"up": {"uv": [11.5, 3.25], "uv_size": [-0.25, 0.25]},
								"down": {"uv": [3.75, 11.5], "uv_size": [-0.25, -0.25]}
							}
						},
						{
							"origin": [-5.88499, 9.22551, 3.7495],
							"size": [2.38396, 2.52419, 0.64507],
							"pivot": [-4.76312, 11.04854, 4.17019],
							"rotation": [-14.785, 9.6442, -41.4259],
							"uv": {
								"north": {"uv": [9.75, 3.5], "uv_size": [-0.5, 0.75]},
								"east": {"uv": [10.25, 9.25], "uv_size": [-0.25, 0.75]},
								"south": {"uv": [4.25, 9.25], "uv_size": [-0.5, 0.75]},
								"west": {"uv": [10.25, 6.75], "uv_size": [-0.25, 0.75]},
								"up": {"uv": [11, 2], "uv_size": [-0.5, 0.25]},
								"down": {"uv": [11, 4.25], "uv_size": [-0.5, -0.25]}
							}
						},
						{
							"origin": [-7.13161, 6.94384, 4.32216],
							"size": [1.34624, 2.91685, 0.69812],
							"pivot": [-7.04747, 9.97287, 4.77091],
							"rotation": [-16.9388, 4.8255, -58.3907],
							"uv": {
								"north": {"uv": [10.25, 3.5], "uv_size": [-0.25, 0.75]},
								"east": {"uv": [10.25, 4.25], "uv_size": [-0.25, 0.75]},
								"south": {"uv": [4.25, 10], "uv_size": [-0.25, 0.75]},
								"west": {"uv": [4, 10], "uv_size": [-0.25, 0.75]},
								"up": {"uv": [11.5, 2.5], "uv_size": [-0.25, 0.25]},
								"down": {"uv": [3, 11.5], "uv_size": [-0.25, -0.25]}
							}
						},
						{
							"origin": [-7.22497, 9.99015, 4.22585],
							"size": [1.34624, 1.87912, 0.67007],
							"pivot": [-6.55185, 10.67729, 4.52034],
							"rotation": [-8.6964, 15.3532, -13.8462],
							"uv": {
								"north": {"uv": [10.75, 0.5], "uv_size": [-0.25, 0.5]},
								"east": {"uv": [10.75, 3.5], "uv_size": [-0.25, 0.5]},
								"south": {"uv": [10.75, 1.5], "uv_size": [-0.25, 0.5]},
								"west": {"uv": [10.75, 1], "uv_size": [-0.25, 0.5]},
								"up": {"uv": [11.5, 2.25], "uv_size": [-0.25, 0.25]},
								"down": {"uv": [2.75, 11.5], "uv_size": [-0.25, -0.25]}
							}
						},
						{
							"origin": [4.74327, 2.89386, 4.30765],
							"size": [1.1443, 1.16814, 0.49947],
							"pivot": [5.81605, 4.44343, 4.64141],
							"rotation": [-12.2179, 12.6806, 152.7921],
							"uv": {
								"north": {"uv": [11.25, 7.5], "uv_size": [0.25, 0.25]},
								"east": {"uv": [7.75, 11.25], "uv_size": [0.25, 0.25]},
								"south": {"uv": [11.25, 7.75], "uv_size": [0.25, 0.25]},
								"west": {"uv": [8, 11.25], "uv_size": [0.25, 0.25]},
								"up": {"uv": [11.25, 8], "uv_size": [0.25, 0.25]},
								"down": {"uv": [8.25, 11.5], "uv_size": [0.25, -0.25]}
							}
						},
						{
							"origin": [5.35802, 4.16679, 4.30615],
							"size": [1.2635, 1.19198, 0.50063],
							"pivot": [5.93017, 4.78662, 4.56838],
							"rotation": [-1.0251, 17.5101, -166.0031],
							"uv": {
								"north": {"uv": [11.25, 6.75], "uv_size": [0.25, 0.25]},
								"east": {"uv": [7, 11.25], "uv_size": [0.25, 0.25]},
								"south": {"uv": [11.25, 7], "uv_size": [0.25, 0.25]},
								"west": {"uv": [7.25, 11.25], "uv_size": [0.25, 0.25]},
								"up": {"uv": [11.25, 7.25], "uv_size": [0.25, 0.25]},
								"down": {"uv": [7.5, 11.5], "uv_size": [0.25, -0.25]}
							}
						},
						{
							"origin": [4.12575, 3.9657, 3.99627],
							"size": [2.02637, 2.14556, 0.54831],
							"pivot": [5.19853, 5.51528, 4.35387],
							"rotation": [-17.4938, 1.281, 111.4576],
							"uv": {
								"north": {"uv": [9.75, 8.75], "uv_size": [0.5, 0.5]},
								"east": {"uv": [8.75, 10.5], "uv_size": [0.25, 0.5]},
								"south": {"uv": [0, 10], "uv_size": [0.5, 0.5]},
								"west": {"uv": [9, 10.5], "uv_size": [0.25, 0.5]},
								"up": {"uv": [10.5, 6.5], "uv_size": [0.5, 0.25]},
								"down": {"uv": [10.5, 9.25], "uv_size": [0.5, -0.25]}
							}
						},
						{
							"origin": [3.89994, 0.75048, 4.11133],
							"size": [1.1443, 2.47932, 0.59715],
							"pivot": [4.97272, 3.32516, 4.49276],
							"rotation": [-16.3592, 6.4129, 128.232],
							"uv": {
								"north": {"uv": [10.5, 8], "uv_size": [0.25, 0.5]},
								"east": {"uv": [8.25, 10.5], "uv_size": [0.25, 0.5]},
								"south": {"uv": [8.5, 10.5], "uv_size": [0.25, 0.5]},
								"west": {"uv": [10.5, 8.5], "uv_size": [0.25, 0.5]},
								"up": {"uv": [11.25, 6.5], "uv_size": [0.25, 0.25]},
								"down": {"uv": [6.75, 11.5], "uv_size": [0.25, -0.25]}
							}
						},
						{
							"origin": [4.83326, 3.36541, 4.17642],
							"size": [1.1443, 1.59725, 0.59831],
							"pivot": [5.40541, 3.94948, 4.42674],
							"rotation": [-16.193, -6.8308, 85.1276],
							"uv": {
								"north": {"uv": [7.25, 10.5], "uv_size": [0.25, 0.5]},
								"east": {"uv": [10.5, 7.5], "uv_size": [0.25, 0.5]},
								"south": {"uv": [7.75, 10.5], "uv_size": [0.25, 0.5]},
								"west": {"uv": [8, 10.5], "uv_size": [0.25, 0.5]},
								"up": {"uv": [11.25, 6.25], "uv_size": [0.25, 0.25]},
								"down": {"uv": [6.5, 11.5], "uv_size": [0.25, -0.25]}
							}
						},
						{
							"origin": [5.85661, 6.19589, 4.54467],
							"size": [1.17123, 1.19563, 0.48681],
							"pivot": [6.95464, 7.78192, 4.88628],
							"rotation": [-13.9483, 12.0285, 121.5713],
							"uv": {
								"north": {"uv": [11.25, 5.5], "uv_size": [0.25, 0.25]},
								"east": {"uv": [5.75, 11.25], "uv_size": [0.25, 0.25]},
								"south": {"uv": [11.25, 5.75], "uv_size": [0.25, 0.25]},
								"west": {"uv": [6, 11.25], "uv_size": [0.25, 0.25]},
								"up": {"uv": [11.25, 6], "uv_size": [0.25, 0.25]},
								"down": {"uv": [6.25, 11.5], "uv_size": [0.25, -0.25]}
							}
						},
						{
							"origin": [6.2907, 7.50695, 4.53254],
							"size": [1.29323, 1.22003, 0.48741],
							"pivot": [6.87631, 8.14136, 4.80094],
							"rotation": [-2.8132, 18.1305, 162.5991],
							"uv": {
								"north": {"uv": [11.25, 4.75], "uv_size": [0.25, 0.25]},
								"east": {"uv": [5, 11.25], "uv_size": [0.25, 0.25]},
								"south": {"uv": [11.25, 5], "uv_size": [0.25, 0.25]},
								"west": {"uv": [5.25, 11.25], "uv_size": [0.25, 0.25]},
								"up": {"uv": [11.25, 5.25], "uv_size": [0.25, 0.25]},
								"down": {"uv": [5.5, 11.5], "uv_size": [0.25, -0.25]}
							}
						},
						{
							"origin": [4.75739, 6.80573, 4.18945],
							"size": [2.07405, 2.19605, 0.53621],
							"pivot": [5.85541, 8.39177, 4.55545],
							"rotation": [-18.3374, -0.3224, 80.6001],
							"uv": {
								"north": {"uv": [9.75, 1.5], "uv_size": [0.5, 0.5]},
								"east": {"uv": [5.5, 10.5], "uv_size": [0.25, 0.5]},
								"south": {"uv": [9.75, 8.25], "uv_size": [0.5, 0.5]},
								"west": {"uv": [5.75, 10.5], "uv_size": [0.25, 0.5]},
								"up": {"uv": [10.5, 4.25], "uv_size": [0.5, 0.25]},
								"down": {"uv": [6, 10.75], "uv_size": [0.5, -0.25]}
							}
						},
						{
							"origin": [5.70511, 3.71798, 4.37678],
							"size": [1.17123, 2.53766, 0.58561],
							"pivot": [6.80313, 6.35324, 4.76719],
							"rotation": [-17.6347, 5.1198, 97.2534],
							"uv": {
								"north": {"uv": [9.5, 10], "uv_size": [0.25, 0.75]},
								"east": {"uv": [9.75, 10], "uv_size": [0.25, 0.75]},
								"south": {"uv": [10, 10], "uv_size": [0.25, 0.75]},
								"west": {"uv": [10.25, 0], "uv_size": [0.25, 0.75]},
								"up": {"uv": [11.25, 4.5], "uv_size": [0.25, 0.25]},
								"down": {"uv": [4.75, 11.5], "uv_size": [0.25, -0.25]}
							}
						},
						{
							"origin": [6.27151, 6.52918, 4.42489],
							"size": [1.17123, 1.63484, 0.58621],
							"pivot": [6.85712, 7.12699, 4.6811],
							"rotation": [-16.2386, -8.642, 54.2833],
							"uv": {
								"north": {"uv": [4.25, 10.5], "uv_size": [0.25, 0.5]},
								"east": {"uv": [4.5, 10.5], "uv_size": [0.25, 0.5]},
								"south": {"uv": [4.75, 10.5], "uv_size": [0.25, 0.5]},
								"west": {"uv": [5.25, 10.5], "uv_size": [0.25, 0.5]},
								"up": {"uv": [11.25, 4.25], "uv_size": [0.25, 0.25]},
								"down": {"uv": [4.5, 11.5], "uv_size": [0.25, -0.25]}
							}
						},
						{
							"origin": [4.64107, 9.53676, 4.22836],
							"size": [1.34624, 1.37428, 0.59203],
							"pivot": [5.90316, 11.35979, 4.62101],
							"rotation": [-17.3971, 2.6625, 82.2643],
							"uv": {
								"north": {"uv": [11.25, 3.5], "uv_size": [0.25, 0.25]},
								"east": {"uv": [3.75, 11.25], "uv_size": [0.25, 0.25]},
								"south": {"uv": [11.25, 3.75], "uv_size": [0.25, 0.25]},
								"west": {"uv": [4, 11.25], "uv_size": [0.25, 0.25]},
								"up": {"uv": [11.25, 4], "uv_size": [0.25, 0.25]},
								"down": {"uv": [4.25, 11.5], "uv_size": [0.25, -0.25]}
							}
						},
						{
							"origin": [4.91129, 10.87554, 4.14878],
							"size": [1.48647, 1.40233, 0.58898],
							"pivot": [5.5844, 11.60475, 4.4573],
							"rotation": [-11.7882, 13.1538, 121.3079],
							"uv": {
								"north": {"uv": [11.25, 2.75], "uv_size": [0.25, 0.25]},
								"east": {"uv": [3, 11.25], "uv_size": [0.25, 0.25]},
								"south": {"uv": [11.25, 3], "uv_size": [0.25, 0.25]},
								"west": {"uv": [3.25, 11.25], "uv_size": [0.25, 0.25]},
								"up": {"uv": [11.25, 3.25], "uv_size": [0.25, 0.25]},
								"down": {"uv": [3.5, 11.5], "uv_size": [0.25, -0.25]}
							}
						},
						{
							"origin": [3.25103, 9.22551, 3.7495],
							"size": [2.38396, 2.52419, 0.64507],
							"pivot": [4.51312, 11.04854, 4.17019],
							"rotation": [-14.785, -9.6442, 41.4259],
							"uv": {
								"north": {"uv": [9.25, 3.5], "uv_size": [0.5, 0.75]},
								"east": {"uv": [10, 6.75], "uv_size": [0.25, 0.75]},
								"south": {"uv": [3.75, 9.25], "uv_size": [0.5, 0.75]},
								"west": {"uv": [10, 9.25], "uv_size": [0.25, 0.75]},
								"up": {"uv": [10.5, 2], "uv_size": [0.5, 0.25]},
								"down": {"uv": [10.5, 4.25], "uv_size": [0.5, -0.25]}
							}
						},
						{
							"origin": [5.53538, 6.94384, 4.32216],
							"size": [1.34624, 2.91685, 0.69812],
							"pivot": [6.79747, 9.97287, 4.77091],
							"rotation": [-16.9388, -4.8255, 58.3907],
							"uv": {
								"north": {"uv": [10, 3.5], "uv_size": [0.25, 0.75]},
								"east": {"uv": [3.75, 10], "uv_size": [0.25, 0.75]},
								"south": {"uv": [4, 10], "uv_size": [0.25, 0.75]},
								"west": {"uv": [10, 4.25], "uv_size": [0.25, 0.75]},
								"up": {"uv": [11.25, 2.5], "uv_size": [0.25, 0.25]},
								"down": {"uv": [2.75, 11.5], "uv_size": [0.25, -0.25]}
							}
						},
						{
							"origin": [5.62873, 9.99015, 4.22585],
							"size": [1.34624, 1.87912, 0.67007],
							"pivot": [6.30185, 10.67729, 4.52034],
							"rotation": [-8.6964, -15.3532, 13.8462],
							"uv": {
								"north": {"uv": [10.5, 0.5], "uv_size": [0.25, 0.5]},
								"east": {"uv": [10.5, 1], "uv_size": [0.25, 0.5]},
								"south": {"uv": [10.5, 1.5], "uv_size": [0.25, 0.5]},
								"west": {"uv": [10.5, 3.5], "uv_size": [0.25, 0.5]},
								"up": {"uv": [11.25, 2.25], "uv_size": [0.25, 0.25]},
								"down": {"uv": [2.5, 11.5], "uv_size": [0.25, -0.25]}
							}
						},
						{
							"origin": [-4, 11.25, -3.25],
							"size": [8, 1, 7.75],
							"uv": {
								"north": {"uv": [9, 2.75], "uv_size": [2, 0.25]},
								"east": {"uv": [3, 9], "uv_size": [2, 0.25]},
								"south": {"uv": [9, 3], "uv_size": [2, 0.25]},
								"west": {"uv": [9, 3.25], "uv_size": [2, 0.25]},
								"up": {"uv": [0, 2.25], "uv_size": [2, 2]},
								"down": {"uv": [2, 4.25], "uv_size": [2, -2]}
							}
						},
						{
							"origin": [-3, 11.25, -4],
							"size": [6, 0.875, 9],
							"uv": {
								"north": {"uv": [9, 2.75], "uv_size": [2, 0.25]},
								"east": {"uv": [3, 9], "uv_size": [2, 0.25]},
								"south": {"uv": [9, 3], "uv_size": [2, 0.25]},
								"west": {"uv": [9, 3.25], "uv_size": [2, 0.25]},
								"up": {"uv": [0, 2.25], "uv_size": [2, 2]},
								"down": {"uv": [2, 4.25], "uv_size": [2, -2]}
							}
						},
						{
							"origin": [-4, 5.25, -4],
							"size": [8, 6, 9],
							"uv": {
								"north": {"uv": [5.75, 1.5], "uv_size": [2, 1.5]},
								"east": {"uv": [4, 4.5], "uv_size": [2.25, 1.5]},
								"south": {"uv": [5.75, 3], "uv_size": [2, 1.5]},
								"west": {"uv": [5.75, 0], "uv_size": [2.25, 1.5]},
								"up": {"uv": [0, 0], "uv_size": [2, 2.25]},
								"down": {"uv": [2, 2.25], "uv_size": [2, -2.25]}
							}
						},
						{
							"origin": [-4.05, 4.775, -3],
							"size": [8.4, 0.725, 7.25],
							"uv": {
								"north": {"uv": [9, 2.25], "uv_size": [2, 0.25]},
								"east": {"uv": [9, 6], "uv_size": [1.75, 0.25]},
								"south": {"uv": [9, 2.5], "uv_size": [2, 0.25]},
								"west": {"uv": [9, 6.25], "uv_size": [1.75, 0.25]},
								"up": {"uv": [0, 4.25], "uv_size": [2, 1.75]},
								"down": {"uv": [2, 6], "uv_size": [2, -1.75]}
							}
						},
						{
							"origin": [-3.5, 4.75, -4],
							"size": [6.75, 0.5, 9],
							"uv": {
								"north": {"uv": [9, 5.5], "uv_size": [1.75, 0.25]},
								"east": {"uv": [8, 1], "uv_size": [2.25, 0.25]},
								"south": {"uv": [9, 5.75], "uv_size": [1.75, 0.25]},
								"west": {"uv": [8, 1.25], "uv_size": [2.25, 0.25]},
								"up": {"uv": [4, 0], "uv_size": [1.75, 2.25]},
								"down": {"uv": [4, 4.5], "uv_size": [1.75, -2.25]}
							}
						},
						{
							"origin": [-5.775, 6.75, -1.5],
							"size": [0.6, 3.5, 4],
							"uv": {
								"north": {"uv": [2, 9.75], "uv_size": [0.25, 1]},
								"east": {"uv": [8.75, 8.5], "uv_size": [1, 1]},
								"south": {"uv": [2.25, 9.75], "uv_size": [0.25, 1]},
								"west": {"uv": [0, 9], "uv_size": [1, 1]},
								"up": {"uv": [2.5, 9.75], "uv_size": [0.25, 1]},
								"down": {"uv": [9.75, 4.5], "uv_size": [0.25, -1]}
							}
						},
						{
							"origin": [-5.25, 5.5, -2],
							"size": [0.5, 5.75, 5],
							"uv": {
								"north": {"uv": [3.25, 9.25], "uv_size": [0.25, 1.5]},
								"east": {"uv": [4, 7.5], "uv_size": [1.25, 1.5]},
								"south": {"uv": [3.5, 9.25], "uv_size": [0.25, 1.5]},
								"west": {"uv": [5.25, 7.5], "uv_size": [1.25, 1.5]},
								"up": {"uv": [4.5, 9.25], "uv_size": [0.25, 1.25]},
								"down": {"uv": [4.75, 10.5], "uv_size": [0.25, -1.25]}
							}
						},
						{
							"origin": [5.175, 6.75, -1.5],
							"size": [0.6, 3.5, 4],
							"uv": {
								"north": {"uv": [8.5, 9.5], "uv_size": [0.25, 1]},
								"east": {"uv": [7.75, 8.5], "uv_size": [1, 1]},
								"south": {"uv": [8.75, 9.5], "uv_size": [0.25, 1]},
								"west": {"uv": [6.5, 8.75], "uv_size": [1, 1]},
								"up": {"uv": [9, 9.5], "uv_size": [0.25, 1]},
								"down": {"uv": [9.25, 10.5], "uv_size": [0.25, -1]}
							}
						},
						{
							"origin": [4.75, 5.5, -2],
							"size": [0.5, 5.75, 5],
							"uv": {
								"north": {"uv": [5.75, 9], "uv_size": [0.25, 1.5]},
								"east": {"uv": [1.5, 7.5], "uv_size": [1.25, 1.5]},
								"south": {"uv": [6, 9], "uv_size": [0.25, 1.5]},
								"west": {"uv": [2.75, 7.5], "uv_size": [1.25, 1.5]},
								"up": {"uv": [4.25, 9.25], "uv_size": [0.25, 1.25]},
								"down": {"uv": [9.25, 5.5], "uv_size": [0.25, -1.25]}
							}
						},
						{
							"origin": [-4.75, 5.25, -3.25],
							"size": [0.75, 6.3, 7.5],
							"uv": {
								"north": {"uv": [6.25, 9], "uv_size": [0.25, 1.5]},
								"east": {"uv": [4, 6], "uv_size": [2, 1.5]},
								"south": {"uv": [3, 9.25], "uv_size": [0.25, 1.5]},
								"west": {"uv": [6, 6], "uv_size": [2, 1.5]},
								"up": {"uv": [9, 3.5], "uv_size": [0.25, 2]},
								"down": {"uv": [5, 11], "uv_size": [0.25, -2]}
							}
						},
						{
							"origin": [4, 5.25, -3.25],
							"size": [0.75, 6.3, 7.5],
							"uv": {
								"north": {"uv": [5.25, 9], "uv_size": [0.25, 1.5]},
								"east": {"uv": [0, 6], "uv_size": [2, 1.5]},
								"south": {"uv": [5.5, 9], "uv_size": [0.25, 1.5]},
								"west": {"uv": [2, 6], "uv_size": [2, 1.5]},
								"up": {"uv": [7.5, 8.75], "uv_size": [0.25, 2]},
								"down": {"uv": [2.75, 11], "uv_size": [0.25, -2]}
							}
						}
					]
				},
				{
					"name": "LeftShoulderLocator",
					"parent": "Head",
					"pivot": [1.5, 12.75, -1.25]
				},
				{
					"name": "RightShoulderLocator",
					"parent": "Head",
					"pivot": [-2.25, 8.75, 0.5]
				},
				{
					"name": "Face",
					"parent": "Head",
					"pivot": [0, 8.25, -4]
				},
				{
					"name": "Mouth",
					"parent": "Face",
					"pivot": [-0.08564, 6.6467, -4.0255],
					"cubes": [
						{
							"origin": [0.31741, 6.34839, -4.068],
							"size": [0.215, 0.42, 0.085],
							"pivot": [0.42491, 6.53339, -4.0255],
							"rotation": [0, 0, -90],
							"uv": {
								"north": {"uv": [1.75, 11], "uv_size": [0.25, 0.25]},
								"east": {"uv": [11, 1.75], "uv_size": [0.25, 0.25]},
								"south": {"uv": [2, 11], "uv_size": [0.25, 0.25]},
								"west": {"uv": [11, 2], "uv_size": [0.25, 0.25]},
								"up": {"uv": [2.25, 11], "uv_size": [0.25, 0.25]},
								"down": {"uv": [11, 2.5], "uv_size": [0.25, -0.25]}
							}
						},
						{
							"origin": [-0.108, 6.385, -4.068],
							"size": [0.215, 0.47, 0.085],
							"pivot": [-0.0005, 6.7075, -4.0255],
							"rotation": [0, 0, -52.5],
							"uv": {
								"north": {"uv": [2.5, 11], "uv_size": [0.25, 0.25]},
								"east": {"uv": [11, 2.5], "uv_size": [0.25, 0.25]},
								"south": {"uv": [2.75, 11], "uv_size": [0.25, 0.25]},
								"west": {"uv": [11, 2.75], "uv_size": [0.25, 0.25]},
								"up": {"uv": [3, 11], "uv_size": [0.25, 0.25]},
								"down": {"uv": [11, 3.25], "uv_size": [0.25, -0.25]}
							}
						},
						{
							"origin": [0.53481, 6.44957, -4.068],
							"size": [0.215, 0.42, 0.085],
							"pivot": [0.64231, 6.65957, -4.0255],
							"rotation": [0, 0, -145],
							"uv": {
								"north": {"uv": [3.25, 11], "uv_size": [0.25, 0.25]},
								"east": {"uv": [11, 3.25], "uv_size": [0.25, 0.25]},
								"south": {"uv": [3.5, 11], "uv_size": [0.25, 0.25]},
								"west": {"uv": [11, 3.5], "uv_size": [0.25, 0.25]},
								"up": {"uv": [3.75, 11], "uv_size": [0.25, 0.25]},
								"down": {"uv": [11, 4], "uv_size": [0.25, -0.25]}
							}
						},
						{
							"origin": [-0.92481, 6.44957, -4.068],
							"size": [0.215, 0.42, 0.085],
							"pivot": [-0.81731, 6.65957, -4.0255],
							"rotation": [0, 0, 145],
							"uv": {
								"north": {"uv": [1, 11], "uv_size": [0.25, 0.25]},
								"east": {"uv": [11, 1], "uv_size": [0.25, 0.25]},
								"south": {"uv": [1.25, 11], "uv_size": [0.25, 0.25]},
								"west": {"uv": [11, 1.25], "uv_size": [0.25, 0.25]},
								"up": {"uv": [1.5, 11], "uv_size": [0.25, 0.25]},
								"down": {"uv": [11, 1.75], "uv_size": [0.25, -0.25]}
							}
						},
						{
							"origin": [-0.70741, 6.34839, -4.068],
							"size": [0.215, 0.42, 0.085],
							"pivot": [-0.59991, 6.53339, -4.0255],
							"rotation": [0, 0, 90],
							"uv": {
								"north": {"uv": [0.25, 11], "uv_size": [0.25, 0.25]},
								"east": {"uv": [11, 0.25], "uv_size": [0.25, 0.25]},
								"south": {"uv": [0.5, 11], "uv_size": [0.25, 0.25]},
								"west": {"uv": [11, 0.5], "uv_size": [0.25, 0.25]},
								"up": {"uv": [0.75, 11], "uv_size": [0.25, 0.25]},
								"down": {"uv": [11, 1], "uv_size": [0.25, -0.25]}
							}
						},
						{
							"origin": [-0.282, 6.385, -4.068],
							"size": [0.215, 0.47, 0.085],
							"pivot": [-0.1745, 6.7075, -4.0255],
							"rotation": [0, 0, 52.5],
							"uv": {
								"north": {"uv": [10.75, 10.25], "uv_size": [0.25, 0.25]},
								"east": {"uv": [10.5, 10.75], "uv_size": [0.25, 0.25]},
								"south": {"uv": [10.75, 10.5], "uv_size": [0.25, 0.25]},
								"west": {"uv": [10.75, 10.75], "uv_size": [0.25, 0.25]},
								"up": {"uv": [0, 11], "uv_size": [0.25, 0.25]},
								"down": {"uv": [11, 0.25], "uv_size": [0.25, -0.25]}
							}
						},
						{
							"origin": [-0.182, 6.635, -4.068],
							"size": [0.215, 0.395, 0.085],
							"uv": {
								"north": {"uv": [10.75, 9.5], "uv_size": [0.25, 0.25]},
								"east": {"uv": [9.75, 10.75], "uv_size": [0.25, 0.25]},
								"south": {"uv": [10.75, 9.75], "uv_size": [0.25, 0.25]},
								"west": {"uv": [10, 10.75], "uv_size": [0.25, 0.25]},
								"up": {"uv": [10.75, 10], "uv_size": [0.25, 0.25]},
								"down": {"uv": [10.25, 11], "uv_size": [0.25, -0.25]}
							}
						}
					]
				},
				{
					"name": "Eyes",
					"parent": "Face",
					"pivot": [0, 8, -4.25]
				},
				{
					"name": "Eyelid",
					"parent": "Eyes",
					"pivot": [0, 8, -4.25]
				},
				{
					"name": "LeftEyelid",
					"parent": "Eyelid",
					"pivot": [1.87867, 7.80339, -4.06372],
					"cubes": [
						{
							"origin": [2.517, 7.47, -4.068],
							"size": [0.21, 0.63, 0.063],
							"uv": {
								"north": {"uv": [10, 11], "uv_size": [0.25, 0.25]},
								"east": {"uv": [11, 10], "uv_size": [0.25, 0.25]},
								"south": {"uv": [10.25, 11], "uv_size": [0.25, 0.25]},
								"west": {"uv": [11, 10.25], "uv_size": [0.25, 0.25]},
								"up": {"uv": [10.5, 11], "uv_size": [0.25, 0.25]},
								"down": {"uv": [11, 10.75], "uv_size": [0.25, -0.25]}
							}
						},
						{
							"origin": [2.307, 7.26, -4.068],
							"size": [0.21, 1.26, 0.063],
							"uv": {
								"north": {"uv": [9.25, 11], "uv_size": [0.25, 0.25]},
								"east": {"uv": [11, 9.25], "uv_size": [0.25, 0.25]},
								"south": {"uv": [9.5, 11], "uv_size": [0.25, 0.25]},
								"west": {"uv": [11, 9.5], "uv_size": [0.25, 0.25]},
								"up": {"uv": [9.75, 11], "uv_size": [0.25, 0.25]},
								"down": {"uv": [11, 10], "uv_size": [0.25, -0.25]}
							}
						},
						{
							"origin": [1.047, 7.47, -4.068],
							"size": [0.21, 0.63, 0.063],
							"uv": {
								"north": {"uv": [8.5, 11], "uv_size": [0.25, 0.25]},
								"east": {"uv": [11, 8.5], "uv_size": [0.25, 0.25]},
								"south": {"uv": [8.75, 11], "uv_size": [0.25, 0.25]},
								"west": {"uv": [11, 8.75], "uv_size": [0.25, 0.25]},
								"up": {"uv": [9, 11], "uv_size": [0.25, 0.25]},
								"down": {"uv": [11, 9.25], "uv_size": [0.25, -0.25]}
							}
						},
						{
							"origin": [1.257, 7.26, -4.068],
							"size": [0.21, 1.26, 0.063],
							"uv": {
								"north": {"uv": [7.75, 11], "uv_size": [0.25, 0.25]},
								"east": {"uv": [11, 7.75], "uv_size": [0.25, 0.25]},
								"south": {"uv": [8, 11], "uv_size": [0.25, 0.25]},
								"west": {"uv": [11, 8], "uv_size": [0.25, 0.25]},
								"up": {"uv": [8.25, 11], "uv_size": [0.25, 0.25]},
								"down": {"uv": [11, 8.5], "uv_size": [0.25, -0.25]}
							}
						},
						{
							"origin": [2.02171, 7.53303, -4.143],
							"size": [0.24, 0.195, 0.085],
							"pivot": [2.31671, 7.63053, -4.1005],
							"rotation": [0, 0, -15],
							"uv": {
								"north": {"uv": [7, 11], "uv_size": [0.25, 0.25]},
								"east": {"uv": [11, 7], "uv_size": [0.25, 0.25]},
								"south": {"uv": [7.25, 11], "uv_size": [0.25, 0.25]},
								"west": {"uv": [11, 7.25], "uv_size": [0.25, 0.25]},
								"up": {"uv": [7.5, 11], "uv_size": [0.25, 0.25]},
								"down": {"uv": [11, 7.75], "uv_size": [0.25, -0.25]}
							}
						},
						{
							"origin": [1.46229, 7.53303, -4.143],
							"size": [0.24, 0.195, 0.085],
							"pivot": [1.40729, 7.63053, -4.1005],
							"rotation": [0, 0, 15],
							"uv": {
								"north": {"uv": [6.25, 11], "uv_size": [0.25, 0.25]},
								"east": {"uv": [11, 6.25], "uv_size": [0.25, 0.25]},
								"south": {"uv": [6.5, 11], "uv_size": [0.25, 0.25]},
								"west": {"uv": [11, 6.5], "uv_size": [0.25, 0.25]},
								"up": {"uv": [6.75, 11], "uv_size": [0.25, 0.25]},
								"down": {"uv": [11, 7], "uv_size": [0.25, -0.25]}
							}
						},
						{
							"origin": [1.667, 7.46, -4.143],
							"size": [0.39, 0.195, 0.085],
							"uv": {
								"north": {"uv": [5.5, 11], "uv_size": [0.25, 0.25]},
								"east": {"uv": [11, 5.5], "uv_size": [0.25, 0.25]},
								"south": {"uv": [5.75, 11], "uv_size": [0.25, 0.25]},
								"west": {"uv": [11, 5.75], "uv_size": [0.25, 0.25]},
								"up": {"uv": [6, 11], "uv_size": [0.25, 0.25]},
								"down": {"uv": [11, 6.25], "uv_size": [0.25, -0.25]}
							}
						},
						{
							"origin": [1.517, 7.835, -4.143],
							"size": [0.74, 0.645, 0.085],
							"uv": {
								"north": {"uv": [4.75, 11], "uv_size": [0.25, 0.25]},
								"east": {"uv": [11, 4.75], "uv_size": [0.25, 0.25]},
								"south": {"uv": [5, 11], "uv_size": [0.25, 0.25]},
								"west": {"uv": [11, 5], "uv_size": [0.25, 0.25]},
								"up": {"uv": [5.25, 11], "uv_size": [0.25, 0.25]},
								"down": {"uv": [11, 5.5], "uv_size": [0.25, -0.25]}
							}
						},
						{
							"origin": [1.467, 7.26, -4.068],
							"size": [0.84, 1.47, 0.085],
							"uv": {
								"north": {"uv": [4, 11], "uv_size": [0.25, 0.25]},
								"east": {"uv": [11, 4], "uv_size": [0.25, 0.25]},
								"south": {"uv": [4.25, 11], "uv_size": [0.25, 0.25]},
								"west": {"uv": [11, 4.25], "uv_size": [0.25, 0.25]},
								"up": {"uv": [4.5, 11], "uv_size": [0.25, 0.25]},
								"down": {"uv": [11, 4.75], "uv_size": [0.25, -0.25]}
							}
						}
					]
				},
				{
					"name": "RightEyelid",
					"parent": "Eyelid",
					"pivot": [-1.87867, 7.80339, -4.06372],
					"cubes": [
						{
							"origin": [-2.727, 7.47, -4.068],
							"size": [0.21, 0.63, 0.063],
							"uv": {
								"north": {"uv": [10.25, 11], "uv_size": [-0.25, 0.25]},
								"east": {"uv": [11.25, 10.25], "uv_size": [-0.25, 0.25]},
								"south": {"uv": [10.5, 11], "uv_size": [-0.25, 0.25]},
								"west": {"uv": [11.25, 10], "uv_size": [-0.25, 0.25]},
								"up": {"uv": [10.75, 11], "uv_size": [-0.25, 0.25]},
								"down": {"uv": [11.25, 10.75], "uv_size": [-0.25, -0.25]}
							}
						},
						{
							"origin": [-2.517, 7.26, -4.068],
							"size": [0.21, 1.26, 0.063],
							"uv": {
								"north": {"uv": [9.5, 11], "uv_size": [-0.25, 0.25]},
								"east": {"uv": [11.25, 9.5], "uv_size": [-0.25, 0.25]},
								"south": {"uv": [9.75, 11], "uv_size": [-0.25, 0.25]},
								"west": {"uv": [11.25, 9.25], "uv_size": [-0.25, 0.25]},
								"up": {"uv": [10, 11], "uv_size": [-0.25, 0.25]},
								"down": {"uv": [11.25, 10], "uv_size": [-0.25, -0.25]}
							}
						},
						{
							"origin": [-1.257, 7.47, -4.068],
							"size": [0.21, 0.63, 0.063],
							"uv": {
								"north": {"uv": [8.75, 11], "uv_size": [-0.25, 0.25]},
								"east": {"uv": [11.25, 8.75], "uv_size": [-0.25, 0.25]},
								"south": {"uv": [9, 11], "uv_size": [-0.25, 0.25]},
								"west": {"uv": [11.25, 8.5], "uv_size": [-0.25, 0.25]},
								"up": {"uv": [9.25, 11], "uv_size": [-0.25, 0.25]},
								"down": {"uv": [11.25, 9.25], "uv_size": [-0.25, -0.25]}
							}
						},
						{
							"origin": [-1.467, 7.26, -4.068],
							"size": [0.21, 1.26, 0.063],
							"uv": {
								"north": {"uv": [8, 11], "uv_size": [-0.25, 0.25]},
								"east": {"uv": [11.25, 8], "uv_size": [-0.25, 0.25]},
								"south": {"uv": [8.25, 11], "uv_size": [-0.25, 0.25]},
								"west": {"uv": [11.25, 7.75], "uv_size": [-0.25, 0.25]},
								"up": {"uv": [8.5, 11], "uv_size": [-0.25, 0.25]},
								"down": {"uv": [11.25, 8.5], "uv_size": [-0.25, -0.25]}
							}
						},
						{
							"origin": [-2.26171, 7.53303, -4.143],
							"size": [0.24, 0.195, 0.085],
							"pivot": [-2.31671, 7.63053, -4.1005],
							"rotation": [0, 0, 15],
							"uv": {
								"north": {"uv": [7.25, 11], "uv_size": [-0.25, 0.25]},
								"east": {"uv": [11.25, 7.25], "uv_size": [-0.25, 0.25]},
								"south": {"uv": [7.5, 11], "uv_size": [-0.25, 0.25]},
								"west": {"uv": [11.25, 7], "uv_size": [-0.25, 0.25]},
								"up": {"uv": [7.75, 11], "uv_size": [-0.25, 0.25]},
								"down": {"uv": [11.25, 7.75], "uv_size": [-0.25, -0.25]}
							}
						},
						{
							"origin": [-1.70229, 7.53303, -4.143],
							"size": [0.24, 0.195, 0.085],
							"pivot": [-1.40729, 7.63053, -4.1005],
							"rotation": [0, 0, -15],
							"uv": {
								"north": {"uv": [6.5, 11], "uv_size": [-0.25, 0.25]},
								"east": {"uv": [11.25, 6.5], "uv_size": [-0.25, 0.25]},
								"south": {"uv": [6.75, 11], "uv_size": [-0.25, 0.25]},
								"west": {"uv": [11.25, 6.25], "uv_size": [-0.25, 0.25]},
								"up": {"uv": [7, 11], "uv_size": [-0.25, 0.25]},
								"down": {"uv": [11.25, 7], "uv_size": [-0.25, -0.25]}
							}
						},
						{
							"origin": [-2.057, 7.46, -4.143],
							"size": [0.39, 0.195, 0.085],
							"uv": {
								"north": {"uv": [5.75, 11], "uv_size": [-0.25, 0.25]},
								"east": {"uv": [11.25, 5.75], "uv_size": [-0.25, 0.25]},
								"south": {"uv": [6, 11], "uv_size": [-0.25, 0.25]},
								"west": {"uv": [11.25, 5.5], "uv_size": [-0.25, 0.25]},
								"up": {"uv": [6.25, 11], "uv_size": [-0.25, 0.25]},
								"down": {"uv": [11.25, 6.25], "uv_size": [-0.25, -0.25]}
							}
						},
						{
							"origin": [-2.257, 7.835, -4.143],
							"size": [0.74, 0.645, 0.085],
							"uv": {
								"north": {"uv": [5, 11], "uv_size": [-0.25, 0.25]},
								"east": {"uv": [11.25, 5], "uv_size": [-0.25, 0.25]},
								"south": {"uv": [5.25, 11], "uv_size": [-0.25, 0.25]},
								"west": {"uv": [11.25, 4.75], "uv_size": [-0.25, 0.25]},
								"up": {"uv": [5.5, 11], "uv_size": [-0.25, 0.25]},
								"down": {"uv": [11.25, 5.5], "uv_size": [-0.25, -0.25]}
							}
						},
						{
							"origin": [-2.307, 7.26, -4.068],
							"size": [0.84, 1.47, 0.085],
							"uv": {
								"north": {"uv": [4.25, 11], "uv_size": [-0.25, 0.25]},
								"east": {"uv": [11.25, 4.25], "uv_size": [-0.25, 0.25]},
								"south": {"uv": [4.5, 11], "uv_size": [-0.25, 0.25]},
								"west": {"uv": [11.25, 4], "uv_size": [-0.25, 0.25]},
								"up": {"uv": [4.75, 11], "uv_size": [-0.25, 0.25]},
								"down": {"uv": [11.25, 4.75], "uv_size": [-0.25, -0.25]}
							}
						}
					]
				},
				{
					"name": "Eyebrow",
					"parent": "Eyes",
					"pivot": [0, 9.25, -4.25]
				},
				{
					"name": "LeftEyebrow",
					"parent": "Eyebrow",
					"pivot": [2.02459, 9.27298, -3.90833],
					"cubes": [
						{
							"origin": [2.2281, 9.14328, -4.075],
							"size": [0.3, 0.3, 0.35],
							"pivot": [2.7156, 9.16828, -3.9125],
							"rotation": [0, 0, 50],
							"uv": {
								"north": {"uv": [4.75, 11.5], "uv_size": [0.25, 0.25]},
								"east": {"uv": [11.5, 4.75], "uv_size": [0.25, 0.25]},
								"south": {"uv": [5, 11.5], "uv_size": [0.25, 0.25]},
								"west": {"uv": [11.5, 5], "uv_size": [0.25, 0.25]},
								"up": {"uv": [5.25, 11.5], "uv_size": [0.25, 0.25]},
								"down": {"uv": [11.5, 5.5], "uv_size": [0.25, -0.25]}
							}
						},
						{
							"origin": [2.22326, 9.13512, -4.075],
							"size": [0.41584, 0.59389, 0.35],
							"pivot": [2.71076, 9.45401, -3.9125],
							"rotation": [0, 0, -7.5],
							"uv": {
								"north": {"uv": [4, 11.5], "uv_size": [0.25, 0.25]},
								"east": {"uv": [11.5, 4], "uv_size": [0.25, 0.25]},
								"south": {"uv": [4.25, 11.5], "uv_size": [0.25, 0.25]},
								"west": {"uv": [11.5, 4.25], "uv_size": [0.25, 0.25]},
								"up": {"uv": [4.5, 11.5], "uv_size": [0.25, 0.25]},
								"down": {"uv": [11.5, 4.75], "uv_size": [0.25, -0.25]}
							}
						},
						{
							"origin": [1.82531, 8.95116, -4.1],
							"size": [0.575, 0.725, 0.375],
							"pivot": [2.31281, 9.40116, -3.9125],
							"rotation": [0, 0, -42.5],
							"uv": {
								"north": {"uv": [3.25, 11.5], "uv_size": [0.25, 0.25]},
								"east": {"uv": [11.5, 3.25], "uv_size": [0.25, 0.25]},
								"south": {"uv": [3.5, 11.5], "uv_size": [0.25, 0.25]},
								"west": {"uv": [11.5, 3.5], "uv_size": [0.25, 0.25]},
								"up": {"uv": [3.75, 11.5], "uv_size": [0.25, 0.25]},
								"down": {"uv": [11.5, 4], "uv_size": [0.25, -0.25]}
							}
						},
						{
							"origin": [1.47225, 8.74003, -4.1],
							"size": [0.78515, 0.725, 0.375],
							"uv": {
								"north": {"uv": [2.5, 11.5], "uv_size": [0.25, 0.25]},
								"east": {"uv": [11.5, 2.5], "uv_size": [0.25, 0.25]},
								"south": {"uv": [2.75, 11.5], "uv_size": [0.25, 0.25]},
								"west": {"uv": [11.5, 2.75], "uv_size": [0.25, 0.25]},
								"up": {"uv": [3, 11.5], "uv_size": [0.25, 0.25]},
								"down": {"uv": [11.5, 3.25], "uv_size": [0.25, -0.25]}
							}
						},
						{
							"origin": [1.47377, 8.9345, -4.1],
							"size": [0.45, 0.35, 0.375],
							"pivot": [1.43627, 9.4595, -3.9125],
							"rotation": [0, 0, 40],
							"uv": {
								"north": {"uv": [1.75, 11.5], "uv_size": [0.25, 0.25]},
								"east": {"uv": [11.5, 1.75], "uv_size": [0.25, 0.25]},
								"south": {"uv": [2, 11.5], "uv_size": [0.25, 0.25]},
								"west": {"uv": [11.5, 2], "uv_size": [0.25, 0.25]},
								"up": {"uv": [2.25, 11.5], "uv_size": [0.25, 0.25]},
								"down": {"uv": [11.5, 2.5], "uv_size": [0.25, -0.25]}
							}
						},
						{
							"origin": [1.12753, 9.03322, -4.1],
							"size": [0.975, 0.75, 0.375],
							"uv": {
								"north": {"uv": [1, 11.5], "uv_size": [0.25, 0.25]},
								"east": {"uv": [11.5, 1], "uv_size": [0.25, 0.25]},
								"south": {"uv": [1.25, 11.5], "uv_size": [0.25, 0.25]},
								"west": {"uv": [11.5, 1.25], "uv_size": [0.25, 0.25]},
								"up": {"uv": [1.5, 11.5], "uv_size": [0.25, 0.25]},
								"down": {"uv": [11.5, 1.75], "uv_size": [0.25, -0.25]}
							}
						}
					]
				},
				{
					"name": "RightEyebrow",
					"parent": "Eyebrow",
					"pivot": [-2.02459, 9.27298, -3.90833],
					"cubes": [
						{
							"origin": [-2.5281, 9.14328, -4.075],
							"size": [0.3, 0.3, 0.35],
							"pivot": [-2.7156, 9.16828, -3.9125],
							"rotation": [0, 0, -50],
							"uv": {
								"north": {"uv": [5, 11.5], "uv_size": [-0.25, 0.25]},
								"east": {"uv": [11.75, 5], "uv_size": [-0.25, 0.25]},
								"south": {"uv": [5.25, 11.5], "uv_size": [-0.25, 0.25]},
								"west": {"uv": [11.75, 4.75], "uv_size": [-0.25, 0.25]},
								"up": {"uv": [5.5, 11.5], "uv_size": [-0.25, 0.25]},
								"down": {"uv": [11.75, 5.5], "uv_size": [-0.25, -0.25]}
							}
						},
						{
							"origin": [-2.63911, 9.13512, -4.075],
							"size": [0.41584, 0.59389, 0.35],
							"pivot": [-2.71076, 9.45401, -3.9125],
							"rotation": [0, 0, 7.5],
							"uv": {
								"north": {"uv": [4.25, 11.5], "uv_size": [-0.25, 0.25]},
								"east": {"uv": [11.75, 4.25], "uv_size": [-0.25, 0.25]},
								"south": {"uv": [4.5, 11.5], "uv_size": [-0.25, 0.25]},
								"west": {"uv": [11.75, 4], "uv_size": [-0.25, 0.25]},
								"up": {"uv": [4.75, 11.5], "uv_size": [-0.25, 0.25]},
								"down": {"uv": [11.75, 4.75], "uv_size": [-0.25, -0.25]}
							}
						},
						{
							"origin": [-2.40031, 8.95116, -4.1],
							"size": [0.575, 0.725, 0.375],
							"pivot": [-2.31281, 9.40116, -3.9125],
							"rotation": [0, 0, 42.5],
							"uv": {
								"north": {"uv": [3.5, 11.5], "uv_size": [-0.25, 0.25]},
								"east": {"uv": [11.75, 3.5], "uv_size": [-0.25, 0.25]},
								"south": {"uv": [3.75, 11.5], "uv_size": [-0.25, 0.25]},
								"west": {"uv": [11.75, 3.25], "uv_size": [-0.25, 0.25]},
								"up": {"uv": [4, 11.5], "uv_size": [-0.25, 0.25]},
								"down": {"uv": [11.75, 4], "uv_size": [-0.25, -0.25]}
							}
						},
						{
							"origin": [-2.25741, 8.74003, -4.1],
							"size": [0.78515, 0.725, 0.375],
							"uv": {
								"north": {"uv": [2.75, 11.5], "uv_size": [-0.25, 0.25]},
								"east": {"uv": [11.75, 2.75], "uv_size": [-0.25, 0.25]},
								"south": {"uv": [3, 11.5], "uv_size": [-0.25, 0.25]},
								"west": {"uv": [11.75, 2.5], "uv_size": [-0.25, 0.25]},
								"up": {"uv": [3.25, 11.5], "uv_size": [-0.25, 0.25]},
								"down": {"uv": [11.75, 3.25], "uv_size": [-0.25, -0.25]}
							}
						},
						{
							"origin": [-1.92377, 8.9345, -4.1],
							"size": [0.45, 0.35, 0.375],
							"pivot": [-1.43627, 9.4595, -3.9125],
							"rotation": [0, 0, -40],
							"uv": {
								"north": {"uv": [2, 11.5], "uv_size": [-0.25, 0.25]},
								"east": {"uv": [11.75, 2], "uv_size": [-0.25, 0.25]},
								"south": {"uv": [2.25, 11.5], "uv_size": [-0.25, 0.25]},
								"west": {"uv": [11.75, 1.75], "uv_size": [-0.25, 0.25]},
								"up": {"uv": [2.5, 11.5], "uv_size": [-0.25, 0.25]},
								"down": {"uv": [11.75, 2.5], "uv_size": [-0.25, -0.25]}
							}
						},
						{
							"origin": [-2.10253, 9.03322, -4.1],
							"size": [0.975, 0.75, 0.375],
							"uv": {
								"north": {"uv": [1.25, 11.5], "uv_size": [-0.25, 0.25]},
								"east": {"uv": [11.75, 1.25], "uv_size": [-0.25, 0.25]},
								"south": {"uv": [1.5, 11.5], "uv_size": [-0.25, 0.25]},
								"west": {"uv": [11.75, 1], "uv_size": [-0.25, 0.25]},
								"up": {"uv": [1.75, 11.5], "uv_size": [-0.25, 0.25]},
								"down": {"uv": [11.75, 1.75], "uv_size": [-0.25, -0.25]}
							}
						}
					]
				},
				{
					"name": "RightEar",
					"parent": "Head",
					"pivot": [-2.86159, 12.24942, 0.77035],
					"cubes": [
						{
							"origin": [-3.52945, 12.25911, 0.58237],
							"size": [0.876, 0.89425, 0.4015],
							"pivot": [-3.4747, 13.44536, 0.83787],
							"rotation": [0, 0, -62.5],
							"uv": {
								"north": {"uv": [11.5, 0.75], "uv_size": [-0.25, 0.25]},
								"east": {"uv": [1.5, 11.25], "uv_size": [-0.25, 0.25]},
								"south": {"uv": [11.5, 1], "uv_size": [-0.25, 0.25]},
								"west": {"uv": [1.25, 11.25], "uv_size": [-0.25, 0.25]},
								"up": {"uv": [11.5, 1.25], "uv_size": [-0.25, 0.25]},
								"down": {"uv": [1.75, 11.5], "uv_size": [-0.25, -0.25]}
							}
						},
						{
							"origin": [-3.73418, 13.03416, 0.58238],
							"size": [0.96725, 0.9125, 0.38325],
							"pivot": [-3.20493, 13.50866, 0.78313],
							"rotation": [0, 0, -102.5],
							"uv": {
								"north": {"uv": [11.5, 1.5], "uv_size": [-0.25, 0.25]},
								"east": {"uv": [2.25, 11.25], "uv_size": [-0.25, 0.25]},
								"south": {"uv": [11.5, 1.75], "uv_size": [-0.25, 0.25]},
								"west": {"uv": [2, 11.25], "uv_size": [-0.25, 0.25]},
								"up": {"uv": [11.5, 2], "uv_size": [-0.25, 0.25]},
								"down": {"uv": [2.5, 11.5], "uv_size": [-0.25, -0.25]}
							}
						},
						{
							"origin": [-3.38895, 11.73019, 0.56412],
							"size": [1.55125, 1.6425, 0.41975],
							"pivot": [-2.65895, 12.91644, 0.83787],
							"rotation": [0, 0, -20],
							"uv": {
								"north": {"uv": [10, 6.75], "uv_size": [-0.5, 0.5]},
								"east": {"uv": [10.5, 0.75], "uv_size": [-0.25, 0.5]},
								"south": {"uv": [10, 9.5], "uv_size": [-0.5, 0.5]},
								"west": {"uv": [10.25, 5], "uv_size": [-0.25, 0.5]},
								"up": {"uv": [9.5, 8.25], "uv_size": [-0.5, 0.25]},
								"down": {"uv": [10, 7.5], "uv_size": [-0.5, -0.25]}
							}
						},
						{
							"origin": [-4.39905, 10.83686, 0.54587],
							"size": [0.876, 1.898, 0.438],
							"pivot": [-4.3443, 12.80786, 0.83787],
							"rotation": [0, 0, -37.5],
							"uv": {
								"north": {"uv": [10.5, 10.25], "uv_size": [-0.25, 0.5]},
								"east": {"uv": [0.5, 10.5], "uv_size": [-0.25, 0.5]},
								"south": {"uv": [10.75, 0], "uv_size": [-0.25, 0.5]},
								"west": {"uv": [0.25, 10.5], "uv_size": [-0.25, 0.5]},
								"up": {"uv": [11.25, 11], "uv_size": [-0.25, 0.25]},
								"down": {"uv": [0.25, 11.5], "uv_size": [-0.25, -0.25]}
							}
						},
						{
							"origin": [-4.28868, 12.65562, 0.54587],
							"size": [0.876, 1.22275, 0.41975],
							"pivot": [-3.85068, 13.10274, 0.7375],
							"rotation": [0, 0, 7.5],
							"uv": {
								"north": {"uv": [11.5, 0], "uv_size": [-0.25, 0.25]},
								"east": {"uv": [0.75, 11.25], "uv_size": [-0.25, 0.25]},
								"south": {"uv": [11.5, 0.25], "uv_size": [-0.25, 0.25]},
								"west": {"uv": [0.5, 11.25], "uv_size": [-0.25, 0.25]},
								"up": {"uv": [11.5, 0.5], "uv_size": [-0.25, 0.25]},
								"down": {"uv": [1, 11.5], "uv_size": [-0.25, -0.25]}
							}
						}
					]
				},
				{
					"name": "LeftEar",
					"parent": "Head",
					"pivot": [3.11159, 12.74942, 0.77035],
					"cubes": [
						{
							"origin": [2.65345, 12.25911, 0.58237],
							"size": [0.876, 0.89425, 0.4015],
							"pivot": [3.4747, 13.44536, 0.83787],
							"rotation": [0, 0, 62.5],
							"uv": {
								"north": {"uv": [11.25, 0.75], "uv_size": [0.25, 0.25]},
								"east": {"uv": [1, 11.25], "uv_size": [0.25, 0.25]},
								"south": {"uv": [11.25, 1], "uv_size": [0.25, 0.25]},
								"west": {"uv": [1.25, 11.25], "uv_size": [0.25, 0.25]},
								"up": {"uv": [11.25, 1.25], "uv_size": [0.25, 0.25]},
								"down": {"uv": [1.5, 11.5], "uv_size": [0.25, -0.25]}
							}
						},
						{
							"origin": [2.76693, 13.03416, 0.58238],
							"size": [0.96725, 0.9125, 0.38325],
							"pivot": [3.20493, 13.50866, 0.78313],
							"rotation": [0, 0, 102.5],
							"uv": {
								"north": {"uv": [11.25, 1.5], "uv_size": [0.25, 0.25]},
								"east": {"uv": [1.75, 11.25], "uv_size": [0.25, 0.25]},
								"south": {"uv": [11.25, 1.75], "uv_size": [0.25, 0.25]},
								"west": {"uv": [2, 11.25], "uv_size": [0.25, 0.25]},
								"up": {"uv": [11.25, 2], "uv_size": [0.25, 0.25]},
								"down": {"uv": [2.25, 11.5], "uv_size": [0.25, -0.25]}
							}
						},
						{
							"origin": [1.8377, 11.73019, 0.56412],
							"size": [1.55125, 1.6425, 0.41975],
							"pivot": [2.65895, 12.91644, 0.83787],
							"rotation": [0, 0, 20],
							"uv": {
								"north": {"uv": [9.5, 6.75], "uv_size": [0.5, 0.5]},
								"east": {"uv": [10, 5], "uv_size": [0.25, 0.5]},
								"south": {"uv": [9.5, 9.5], "uv_size": [0.5, 0.5]},
								"west": {"uv": [10.25, 0.75], "uv_size": [0.25, 0.5]},
								"up": {"uv": [9, 8.25], "uv_size": [0.5, 0.25]},
								"down": {"uv": [9.5, 7.5], "uv_size": [0.5, -0.25]}
							}
						},
						{
							"origin": [3.52305, 10.83686, 0.54587],
							"size": [0.876, 1.898, 0.438],
							"pivot": [4.3443, 12.80786, 0.83787],
							"rotation": [0, 0, 37.5],
							"uv": {
								"north": {"uv": [10.25, 10.25], "uv_size": [0.25, 0.5]},
								"east": {"uv": [0, 10.5], "uv_size": [0.25, 0.5]},
								"south": {"uv": [10.5, 0], "uv_size": [0.25, 0.5]},
								"west": {"uv": [0.25, 10.5], "uv_size": [0.25, 0.5]},
								"up": {"uv": [11, 11], "uv_size": [0.25, 0.25]},
								"down": {"uv": [0, 11.5], "uv_size": [0.25, -0.25]}
							}
						},
						{
							"origin": [3.41268, 12.65562, 0.54587],
							"size": [0.876, 1.22275, 0.41975],
							"pivot": [3.85068, 13.10274, 0.7375],
							"rotation": [0, 0, -7.5],
							"uv": {
								"north": {"uv": [11.25, 0], "uv_size": [0.25, 0.25]},
								"east": {"uv": [0.25, 11.25], "uv_size": [0.25, 0.25]},
								"south": {"uv": [11.25, 0.25], "uv_size": [0.25, 0.25]},
								"west": {"uv": [0.5, 11.25], "uv_size": [0.25, 0.25]},
								"up": {"uv": [11.25, 0.5], "uv_size": [0.25, 0.25]},
								"down": {"uv": [0.75, 11.5], "uv_size": [0.25, -0.25]}
							}
						}
					]
				},
				{
					"name": "Arm",
					"parent": "UpperBody",
					"pivot": [0, 5.25, 0]
				},
				{
					"name": "RightArm",
					"parent": "Arm",
					"pivot": [-3.68679, 4.86542, 0.5],
					"cubes": [
						{
							"origin": [-4.4, 2.65, 0],
							"size": [1, 2.25, 1],
							"pivot": [-3.9, 4.275, 0.5],
							"rotation": [0, 0, 35],
							"uv": {
								"north": {"uv": [10.25, 1.25], "uv_size": [0.25, 0.5]},
								"east": {"uv": [10.25, 1.75], "uv_size": [0.25, 0.5]},
								"south": {"uv": [10.25, 3.5], "uv_size": [0.25, 0.5]},
								"west": {"uv": [10.25, 4], "uv_size": [0.25, 0.5]},
								"up": {"uv": [10.75, 1], "uv_size": [0.25, 0.25]},
								"down": {"uv": [1.25, 11], "uv_size": [0.25, -0.25]}
							}
						}
					]
				},
				{
					"name": "RightHandLocator",
					"parent": "RightArm",
					"pivot": [-4, 4, 0]
				},
				{
					"name": "LeftArm",
					"parent": "Arm",
					"pivot": [3.68679, 4.61542, 0.5],
					"cubes": [
						{
							"origin": [3.4, 2.65, 0],
							"size": [1, 2.25, 1],
							"pivot": [3.9, 4.275, 0.5],
							"rotation": [0, 0, -35],
							"uv": {
								"north": {"uv": [10.25, 8.25], "uv_size": [0.25, 0.5]},
								"east": {"uv": [10.25, 8.75], "uv_size": [0.25, 0.5]},
								"south": {"uv": [10.25, 9.25], "uv_size": [0.25, 0.5]},
								"west": {"uv": [10.25, 9.75], "uv_size": [0.25, 0.5]},
								"up": {"uv": [10.75, 11], "uv_size": [0.25, 0.25]},
								"down": {"uv": [11, 11], "uv_size": [0.25, -0.25]}
							}
						}
					]
				},
				{
					"name": "LeftHandLocator",
					"parent": "LeftArm",
					"pivot": [4, 4, 0]
				},
				{
					"name": "ElytraLocator",
					"parent": "UpperBody",
					"pivot": [0, 5, 3]
				},
				{
					"name": "DownBody",
					"parent": "MAllBody",
					"pivot": [0, 3.5, 0]
				},
				{
					"name": "Body",
					"parent": "DownBody",
					"pivot": [0, 3.225, 0.5],
					"cubes": [
						{
							"origin": [-4, 1.875, -1],
							"size": [0.75, 3.125, 3],
							"uv": {
								"north": {"uv": [1, 10], "uv_size": [0.25, 0.75]},
								"east": {"uv": [9, 1.5], "uv_size": [0.75, 0.75]},
								"south": {"uv": [1.25, 10], "uv_size": [0.25, 0.75]},
								"west": {"uv": [2, 9], "uv_size": [0.75, 0.75]},
								"up": {"uv": [1.5, 10], "uv_size": [0.25, 0.75]},
								"down": {"uv": [1.75, 10.75], "uv_size": [0.25, -0.75]}
							}
						},
						{
							"origin": [-3.25, 1.25, -1.25],
							"size": [0.75, 3.75, 3.5],
							"uv": {
								"north": {"uv": [9.75, 4.5], "uv_size": [0.25, 1]},
								"east": {"uv": [9, 0], "uv_size": [1, 1]},
								"south": {"uv": [6.5, 9.75], "uv_size": [0.25, 1]},
								"west": {"uv": [1, 9], "uv_size": [1, 1]},
								"up": {"uv": [6.75, 9.75], "uv_size": [0.25, 1]},
								"down": {"uv": [7, 10.75], "uv_size": [0.25, -1]}
							}
						},
						{
							"origin": [3.25, 1.875, -1],
							"size": [0.75, 3.125, 3],
							"uv": {
								"north": {"uv": [7.25, 9.75], "uv_size": [0.25, 0.75]},
								"east": {"uv": [8, 6.75], "uv_size": [0.75, 0.75]},
								"south": {"uv": [10, 0], "uv_size": [0.25, 0.75]},
								"west": {"uv": [8.75, 6.75], "uv_size": [0.75, 0.75]},
								"up": {"uv": [0.5, 10], "uv_size": [0.25, 0.75]},
								"down": {"uv": [0.75, 10.75], "uv_size": [0.25, -0.75]}
							}
						},
						{
							"origin": [2.5, 1.25, -1.25],
							"size": [0.75, 3.75, 3.5],
							"uv": {
								"north": {"uv": [9.5, 4.25], "uv_size": [0.25, 1]},
								"east": {"uv": [8, 0], "uv_size": [1, 1]},
								"south": {"uv": [7.75, 9.5], "uv_size": [0.25, 1]},
								"west": {"uv": [8, 5.75], "uv_size": [1, 1]},
								"up": {"uv": [8, 9.5], "uv_size": [0.25, 1]},
								"down": {"uv": [8.25, 10.5], "uv_size": [0.25, -1]}
							}
						},
						{
							"origin": [-2.5, 1, -2],
							"size": [5, 4, 5],
							"uv": {
								"north": {"uv": [7.75, 2.75], "uv_size": [1.25, 1]},
								"east": {"uv": [7.75, 3.75], "uv_size": [1.25, 1]},
								"south": {"uv": [7.75, 4.75], "uv_size": [1.25, 1]},
								"west": {"uv": [7.75, 7.5], "uv_size": [1.25, 1]},
								"up": {"uv": [6.5, 7.5], "uv_size": [1.25, 1.25]},
								"down": {"uv": [7.75, 2.75], "uv_size": [1.25, -1.25]}
							}
						}
					]
				},
				{
					"name": "tail",
					"parent": "Body",
					"pivot": [0.02515, 2.11327, 2.97242],
					"cubes": [
						{
							"origin": [0.04574, 1.69386, 4.59966],
							"size": [0.73235, 0.74761, 0.31066],
							"pivot": [0.09151, 2.68559, 4.81326],
							"rotation": [-90, -10, -90],
							"uv": {
								"north": {"uv": [11.25, 10.75], "uv_size": [0.25, 0.25]},
								"east": {"uv": [11, 11.25], "uv_size": [0.25, 0.25]},
								"south": {"uv": [11.25, 11], "uv_size": [0.25, 0.25]},
								"west": {"uv": [11.25, 11.25], "uv_size": [0.25, 0.25]},
								"up": {"uv": [0, 11.5], "uv_size": [0.25, 0.25]},
								"down": {"uv": [11.5, 0.25], "uv_size": [0.25, -0.25]}
							}
						},
						{
							"origin": [-0.39672, 2.46818, 4.49873],
							"size": [0.80864, 0.76287, 0.2954],
							"pivot": [0.04574, 2.86487, 4.66656],
							"rotation": [-90, -50, -90],
							"uv": {
								"north": {"uv": [11.25, 10], "uv_size": [0.25, 0.25]},
								"east": {"uv": [10.25, 11.25], "uv_size": [0.25, 0.25]},
								"south": {"uv": [11.25, 10.25], "uv_size": [0.25, 0.25]},
								"west": {"uv": [10.5, 11.25], "uv_size": [0.25, 0.25]},
								"up": {"uv": [11.25, 10.5], "uv_size": [0.25, 0.25]},
								"down": {"uv": [10.75, 11.5], "uv_size": [0.25, -0.25]}
							}
						},
						{
							"origin": [-0.51878, 1.58343, 3.1066],
							"size": [1.29687, 1.07316, 0.40092],
							"pivot": [0.09151, 2.27515, 3.38546],
							"rotation": [-90, 77.5, -90],
							"uv": {
								"north": {"uv": [0.25, 11.5], "uv_size": [0.25, 0.25]},
								"east": {"uv": [11.5, 0.25], "uv_size": [0.25, 0.25]},
								"south": {"uv": [0.5, 11.5], "uv_size": [0.25, 0.25]},
								"west": {"uv": [11.5, 0.5], "uv_size": [0.25, 0.25]},
								"up": {"uv": [0.75, 11.5], "uv_size": [0.25, 0.25]},
								"down": {"uv": [11.5, 1], "uv_size": [0.25, -0.25]}
							}
						},
						{
							"origin": [-0.51878, 1.75822, 3.77417],
							"size": [1.29687, 1.37316, 0.32592],
							"pivot": [0.09151, 2.74995, 4.00303],
							"rotation": [-90, 32.5, -90],
							"uv": {
								"north": {"uv": [11.25, 9.25], "uv_size": [0.25, 0.25]},
								"east": {"uv": [9.5, 11.25], "uv_size": [0.25, 0.25]},
								"south": {"uv": [11.25, 9.5], "uv_size": [0.25, 0.25]},
								"west": {"uv": [9.75, 11.25], "uv_size": [0.25, 0.25]},
								"up": {"uv": [11.25, 9.75], "uv_size": [0.25, 0.25]},
								"down": {"uv": [10, 11.5], "uv_size": [0.25, -0.25]}
							}
						},
						{
							"origin": [-0.5152, 1.29204, 4.47347],
							"size": [0.73235, 1.58676, 0.41618],
							"pivot": [0.02667, 2.58197, 4.67775],
							"rotation": [-90, 30, -90],
							"uv": {
								"north": {"uv": [9.25, 10.5], "uv_size": [0.25, 0.5]},
								"east": {"uv": [10.5, 9.25], "uv_size": [0.25, 0.5]},
								"south": {"uv": [10.5, 9.75], "uv_size": [0.25, 0.5]},
								"west": {"uv": [10.5, 10.25], "uv_size": [0.25, 0.5]},
								"up": {"uv": [11.25, 9], "uv_size": [0.25, 0.25]},
								"down": {"uv": [9.25, 11.5], "uv_size": [0.25, -0.25]}
							}
						},
						{
							"origin": [-0.56639, 2.4087, 4.49847],
							"size": [0.53235, 0.94724, 0.35092],
							"pivot": [0.02667, 2.58197, 4.67775],
							"rotation": [-90, 75, -90],
							"uv": {
								"north": {"uv": [11.25, 8.25], "uv_size": [0.25, 0.25]},
								"east": {"uv": [8.5, 11.25], "uv_size": [0.25, 0.25]},
								"south": {"uv": [11.25, 8.5], "uv_size": [0.25, 0.25]},
								"west": {"uv": [8.75, 11.25], "uv_size": [0.25, 0.25]},
								"up": {"uv": [11.25, 8.75], "uv_size": [0.25, 0.25]},
								"down": {"uv": [9, 11.5], "uv_size": [0.25, -0.25]}
							}
						}
					]
				},
				{
					"name": "RightLeg",
					"parent": "DownBody",
					"pivot": [-1.575, 1, 0.575],
					"cubes": [
						{
							"origin": [-2, 0, 0.15],
							"size": [0.85, 1, 0.85],
							"uv": {
								"north": {"uv": [11, 0.25], "uv_size": [-0.25, 0.25]},
								"east": {"uv": [1, 10.75], "uv_size": [-0.25, 0.25]},
								"south": {"uv": [11, 0.5], "uv_size": [-0.25, 0.25]},
								"west": {"uv": [0.75, 10.75], "uv_size": [-0.25, 0.25]},
								"up": {"uv": [11, 0.75], "uv_size": [-0.25, 0.25]},
								"down": {"uv": [1.25, 11], "uv_size": [-0.25, -0.25]}
							}
						}
					]
				},
				{
					"name": "LeftLeg",
					"parent": "DownBody",
					"pivot": [1.575, 1, 0.575],
					"cubes": [
						{
							"origin": [1.15, 0, 0.15],
							"size": [0.85, 1, 0.85],
							"uv": {
								"north": {"uv": [10.75, 0.25], "uv_size": [0.25, 0.25]},
								"east": {"uv": [0.5, 10.75], "uv_size": [0.25, 0.25]},
								"south": {"uv": [10.75, 0.5], "uv_size": [0.25, 0.25]},
								"west": {"uv": [0.75, 10.75], "uv_size": [0.25, 0.25]},
								"up": {"uv": [10.75, 0.75], "uv_size": [0.25, 0.25]},
								"down": {"uv": [1, 11], "uv_size": [0.25, -0.25]}
							}
						}
					]
				}
			]
		}
	]
}