{
	"format_version": "1.12.0",
	"minecraft:geometry": [
		{
			"description": {
				"identifier": "geometry.unknown",
				"texture_width": 16,
				"texture_height": 16,
				"visible_bounds_width": 3,
				"visible_bounds_height": 2.5,
				"visible_bounds_offset": [0, 0.75, 0]
			},
			"bones": [
				{
					"name": "Root",
					"pivot": [0, 0, -0.5]
				},
				{
					"name": "MAllBody",
					"parent": "Root",
					"pivot": [0, 0, -0.5]
				},
				{
					"name": "AllBody",
					"parent": "MAllBody",
					"pivot": [0, 0, -0.5]
				},
				{
					"name": "UpBody",
					"parent": "AllBody",
					"pivot": [0, 0, -0.5]
				},
				{
					"name": "MUpperBody",
					"parent": "UpBody",
					"pivot": [0, 0, -0.5]
				},
				{
					"name": "UpperBody",
					"parent": "MUpperBody",
					"pivot": [0, 0, -0.5]
				},
				{
					"name": "AllHead",
					"parent": "UpperBody",
					"pivot": [0, 18, 0]
				},
				{
					"name": "MHead",
					"parent": "AllHead",
					"pivot": [0, 18, 0]
				},
				{
					"name": "Head",
					"parent": "MHead",
					"pivot": [-0.09035, 17.31177, 0.41083],
					"cubes": [
						{
							"origin": [-2.8406, 13.65225, -3.91924],
							"size": [5.6763, 0.40545, 1.56774],
							"uv": {
								"north": {"uv": [11.5, 11.25], "uv_size": [2, 0.25]},
								"east": {"uv": [7.5, 12.75], "uv_size": [0.75, 0.25]},
								"south": {"uv": [11.5, 11.5], "uv_size": [2, 0.25]},
								"west": {"uv": [8.25, 12.75], "uv_size": [0.75, 0.25]},
								"up": {"uv": [10.25, 8.75], "uv_size": [2, 0.75]},
								"down": {"uv": [10.25, 10.25], "uv_size": [2, -0.75]}
							}
						},
						{
							"origin": [-3.9218, 14.0577, -4.2436],
							"size": [7.8387, 0.40545, 2.81112],
							"uv": {
								"north": {"uv": [11.5, 11.25], "uv_size": [2, 0.25]},
								"east": {"uv": [7.5, 12.75], "uv_size": [0.75, 0.25]},
								"south": {"uv": [11.5, 11.5], "uv_size": [2, 0.25]},
								"west": {"uv": [8.25, 12.75], "uv_size": [0.75, 0.25]},
								"up": {"uv": [10.25, 8.75], "uv_size": [2, 0.75]},
								"down": {"uv": [10.25, 10.25], "uv_size": [2, -0.75]}
							}
						},
						{
							"origin": [-3.9218, 15.70653, 4.37897],
							"size": [7.5684, 5.02758, 0.64872],
							"uv": {
								"north": {"uv": [5.5, 9], "uv_size": [1.75, 1.25]},
								"east": {"uv": [1.25, 12.25], "uv_size": [0.25, 1.25]},
								"south": {"uv": [0, 9.25], "uv_size": [1.75, 1.25]},
								"west": {"uv": [12.25, 2.75], "uv_size": [0.25, 1.25]},
								"up": {"uv": [11.75, 7.75], "uv_size": [1.75, 0.25]},
								"down": {"uv": [11.75, 8.25], "uv_size": [1.75, -0.25]}
							}
						},
						{
							"origin": [-3.1468, 23.43155, -2.1624],
							"size": [6.1434, 0.3812, 4.4872],
							"uv": {
								"north": {"uv": [9.75, 4.75], "uv_size": [1.5, 0.25]},
								"east": {"uv": [11.25, 4.75], "uv_size": [1, 0.25]},
								"south": {"uv": [9.75, 5], "uv_size": [1.5, 0.25]},
								"west": {"uv": [11.25, 5], "uv_size": [1, 0.25]},
								"up": {"uv": [9.75, 2.75], "uv_size": [1.5, 1]},
								"down": {"uv": [9.75, 4.75], "uv_size": [1.5, -1]}
							}
						},
						{
							"origin": [-4.1468, 22.03155, -3.1624],
							"size": [8.1434, 1.4062, 6.4872],
							"uv": {
								"north": {"uv": [11.75, 4.5], "uv_size": [1.75, 0.25]},
								"east": {"uv": [4.25, 7], "uv_size": [1.5, 0.25]},
								"south": {"uv": [11.75, 7.5], "uv_size": [1.75, 0.25]},
								"west": {"uv": [11.75, 8.25], "uv_size": [1.5, 0.25]},
								"up": {"uv": [8.25, 7.25], "uv_size": [1.75, 1.5]},
								"down": {"uv": [8.5, 1.5], "uv_size": [1.75, -1.5]}
							}
						},
						{
							"origin": [-5.909, 15.54435, -2.0812],
							"size": [0.5406, 2.1624, 4.3248],
							"uv": {
								"north": {"uv": [5.75, 6.5], "uv_size": [-0.25, 0.5]},
								"east": {"uv": [1, 10.5], "uv_size": [-1, 0.5]},
								"south": {"uv": [9.75, 1.5], "uv_size": [-0.25, 0.5]},
								"west": {"uv": [9.5, 1.5], "uv_size": [-1, 0.5]},
								"up": {"uv": [4.5, 12.25], "uv_size": [-0.25, 1]},
								"down": {"uv": [4.75, 13.25], "uv_size": [-0.25, -1]}
							}
						},
						{
							"origin": [-5.3434, 15.00375, -3.1624],
							"size": [0.3656, 4.8654, 6.4872],
							"uv": {
								"north": {"uv": [0.5, 12.25], "uv_size": [-0.25, 1.25]},
								"east": {"uv": [11.25, 1.5], "uv_size": [-1.5, 1.25]},
								"south": {"uv": [0.75, 12.25], "uv_size": [-0.25, 1.25]},
								"west": {"uv": [11, 5.5], "uv_size": [-1.5, 1.25]},
								"up": {"uv": [12.25, 2.75], "uv_size": [-0.25, 1.5]},
								"down": {"uv": [3.25, 13.5], "uv_size": [-0.25, -1.5]}
							}
						},
						{
							"origin": [5.1184, 15.54435, -2.0812],
							"size": [0.5406, 2.1624, 4.3248],
							"uv": {
								"north": {"uv": [5.5, 6.5], "uv_size": [0.25, 0.5]},
								"east": {"uv": [8.5, 1.5], "uv_size": [1, 0.5]},
								"south": {"uv": [9.5, 1.5], "uv_size": [0.25, 0.5]},
								"west": {"uv": [0, 10.5], "uv_size": [1, 0.5]},
								"up": {"uv": [4.25, 12.25], "uv_size": [0.25, 1]},
								"down": {"uv": [4.5, 13.25], "uv_size": [0.25, -1]}
							}
						},
						{
							"origin": [4.7278, 15.00375, -3.1624],
							"size": [0.3656, 4.8654, 6.4872],
							"uv": {
								"north": {"uv": [0.25, 12.25], "uv_size": [0.25, 1.25]},
								"east": {"uv": [9.5, 5.5], "uv_size": [1.5, 1.25]},
								"south": {"uv": [0.5, 12.25], "uv_size": [0.25, 1.25]},
								"west": {"uv": [9.75, 1.5], "uv_size": [1.5, 1.25]},
								"up": {"uv": [12, 2.75], "uv_size": [0.25, 1.5]},
								"down": {"uv": [3, 13.5], "uv_size": [0.25, -1.5]}
							}
						},
						{
							"origin": [-5.003, 14.46315, -4.2436],
							"size": [9.7308, 7.5684, 8.6496],
							"uv": {
								"north": {"uv": [3.5, 4.75], "uv_size": [2.25, 1.75]},
								"east": {"uv": [5.75, 5.5], "uv_size": [2, 1.75]},
								"south": {"uv": [0, 5.5], "uv_size": [2.25, 1.75]},
								"west": {"uv": [2.25, 6.5], "uv_size": [2, 1.75]},
								"up": {"uv": [3.5, 2.75], "uv_size": [2.25, 2]},
								"down": {"uv": [4.5, 2], "uv_size": [2.25, -2]}
							}
						},
						{
							"origin": [-4.25, 13.75, -1.5],
							"size": [8.25, 1.5, 5],
							"uv": {
								"north": {"uv": [0, 11], "uv_size": [2, 0.5]},
								"east": {"uv": [4.5, 2], "uv_size": [1.25, 0.5]},
								"south": {"uv": [11, 5.25], "uv_size": [2, 0.5]},
								"west": {"uv": [4.25, 6.5], "uv_size": [1.25, 0.5]},
								"up": {"uv": [8.25, 8.75], "uv_size": [2, 1.25]},
								"down": {"uv": [3.5, 10.25], "uv_size": [2, -1.25]}
							}
						},
						{
							"origin": [-4.275, 12.80128, 2.68728],
							"size": [8.475, 7.25, 1.65],
							"pivot": [0, 16.55128, 0.33728],
							"rotation": [12.5, 0, 0],
							"uv": {
								"north": {"uv": [4.25, 7.25], "uv_size": [2, 1.75]},
								"east": {"uv": [6, 10.25], "uv_size": [0.5, 1.75]},
								"south": {"uv": [6.25, 7.25], "uv_size": [2, 1.75]},
								"west": {"uv": [6.5, 10.25], "uv_size": [0.5, 1.75]},
								"up": {"uv": [10.25, 10.25], "uv_size": [2, 0.5]},
								"down": {"uv": [10.25, 11.25], "uv_size": [2, -0.5]}
							}
						}
					]
				},
				{
					"name": "LeftShoulderLocator",
					"parent": "Head",
					"pivot": [1.75, 23.75, -1.75]
				},
				{
					"name": "RightShoulderLocator",
					"parent": "Head",
					"pivot": [-2.5, 22.75, -0.5]
				},
				{
					"name": "RightEar",
					"parent": "Head",
					"pivot": [-1.84954, 13.44, 0.1275]
				},
				{
					"name": "LeftEar",
					"parent": "Head",
					"pivot": [1.09954, 13.44, 0.1275]
				},
				{
					"name": "Face",
					"parent": "Head",
					"pivot": [0, 18, -4.25]
				},
				{
					"name": "Mouth",
					"parent": "Face",
					"pivot": [-0.0875, 16.3321, -4.2],
					"cubes": [
						{
							"origin": [0.6798, 16.24814, -4.425],
							"size": [0.825, 0.3, 0.45],
							"pivot": [1.0923, 16.39814, -4.2],
							"rotation": [0, 0, -32.5],
							"uv": {
								"north": {"uv": [7, 11], "uv_size": [0.25, 0.25]},
								"east": {"uv": [7.25, 11], "uv_size": [0.25, 0.25]},
								"south": {"uv": [7.5, 11], "uv_size": [0.25, 0.25]},
								"west": {"uv": [7.75, 11], "uv_size": [0.25, 0.25]},
								"up": {"uv": [8, 11], "uv_size": [0.25, 0.25]},
								"down": {"uv": [8.25, 11.25], "uv_size": [0.25, -0.25]}
							}
						},
						{
							"origin": [-1.6798, 16.24814, -4.425],
							"size": [0.825, 0.3, 0.45],
							"pivot": [-1.2673, 16.39814, -4.2],
							"rotation": [0, 0, 32.5],
							"uv": {
								"north": {"uv": [11.25, 1.25], "uv_size": [0.25, 0.25]},
								"east": {"uv": [11.25, 1.5], "uv_size": [0.25, 0.25]},
								"south": {"uv": [11.25, 1.75], "uv_size": [0.25, 0.25]},
								"west": {"uv": [11.25, 2], "uv_size": [0.25, 0.25]},
								"up": {"uv": [7, 11.25], "uv_size": [0.25, 0.25]},
								"down": {"uv": [7.25, 11.5], "uv_size": [0.25, -0.25]}
							}
						},
						{
							"origin": [-1, 16.05, -4.425],
							"size": [1.825, 0.3, 0.45],
							"uv": {
								"north": {"uv": [11, 5.75], "uv_size": [0.5, 0.25]},
								"east": {"uv": [7.5, 11.25], "uv_size": [0.25, 0.25]},
								"south": {"uv": [11, 6], "uv_size": [0.5, 0.25]},
								"west": {"uv": [7.75, 11.25], "uv_size": [0.25, 0.25]},
								"up": {"uv": [11, 6.25], "uv_size": [0.5, 0.25]},
								"down": {"uv": [11, 6.75], "uv_size": [0.5, -0.25]}
							}
						}
					]
				},
				{
					"name": "Eyes",
					"parent": "Face",
					"pivot": [0, 19, -4.25]
				},
				{
					"name": "Eyebrow",
					"parent": "Eyes",
					"pivot": [0, 10.5, -4.5]
				},
				{
					"name": "Rightbrow",
					"parent": "Eyebrow",
					"pivot": [-2.86454, 10.13392, -4.51045]
				},
				{
					"name": "Leftbrow",
					"parent": "Eyebrow",
					"pivot": [2.46454, 10.03392, -4.51045]
				},
				{
					"name": "Eyelid",
					"parent": "Eyes",
					"pivot": [0, 18.5, -4.25]
				},
				{
					"name": "LeftEyelid",
					"parent": "Eyelid",
					"pivot": [2.3021, 18.69891, -4.32834],
					"cubes": [
						{
							"origin": [1.6891, 19.6315, -4.30655],
							"size": [1.2789, 0.2205, 0.02205],
							"uv": {
								"north": {"uv": [4.75, 13.25], "uv_size": [0.25, 0.25]},
								"east": {"uv": [5, 13.25], "uv_size": [0.25, 0.25]},
								"south": {"uv": [5.25, 13.25], "uv_size": [0.25, 0.25]},
								"west": {"uv": [13.25, 5.25], "uv_size": [0.25, 0.25]},
								"up": {"uv": [5.5, 13.25], "uv_size": [0.25, 0.25]},
								"down": {"uv": [13.25, 5.75], "uv_size": [0.25, -0.25]}
							}
						},
						{
							"origin": [3.1885, 18.088, -4.30655],
							"size": [0.2205, 1.1025, 0.02205],
							"uv": {
								"north": {"uv": [13.25, 3.75], "uv_size": [0.25, 0.25]},
								"east": {"uv": [4, 13.25], "uv_size": [0.25, 0.25]},
								"south": {"uv": [13.25, 4], "uv_size": [0.25, 0.25]},
								"west": {"uv": [4.25, 13.25], "uv_size": [0.25, 0.25]},
								"up": {"uv": [13.25, 4.25], "uv_size": [0.25, 0.25]},
								"down": {"uv": [4.5, 13.5], "uv_size": [0.25, -0.25]}
							}
						},
						{
							"origin": [1.204, 18.088, -4.30655],
							"size": [0.2205, 1.1025, 0.02205],
							"uv": {
								"north": {"uv": [13.25, 2.75], "uv_size": [0.25, 0.25]},
								"east": {"uv": [13.25, 3], "uv_size": [0.25, 0.25]},
								"south": {"uv": [13.25, 3.25], "uv_size": [0.25, 0.25]},
								"west": {"uv": [3.5, 13.25], "uv_size": [0.25, 0.25]},
								"up": {"uv": [13.25, 3.5], "uv_size": [0.25, 0.25]},
								"down": {"uv": [3.75, 13.5], "uv_size": [0.25, -0.25]}
							}
						},
						{
							"origin": [1.4245, 17.8675, -4.30655],
							"size": [1.764, 1.764, 0.02205],
							"uv": {
								"north": {"uv": [12.5, 6.25], "uv_size": [0.5, 0.5]},
								"east": {"uv": [12.75, 9.25], "uv_size": [0.25, 0.5]},
								"south": {"uv": [9, 12.5], "uv_size": [0.5, 0.5]},
								"west": {"uv": [12.75, 9.75], "uv_size": [0.25, 0.5]},
								"up": {"uv": [3, 6.25], "uv_size": [0.5, 0.25]},
								"down": {"uv": [1.75, 8.25], "uv_size": [0.5, -0.25]}
							}
						},
						{
							"origin": [1.6891, 17.647, -4.30655],
							"size": [1.2789, 0.2205, 0.02205],
							"uv": {
								"north": {"uv": [5.75, 13.25], "uv_size": [0.25, 0.25]},
								"east": {"uv": [13.25, 5.75], "uv_size": [0.25, 0.25]},
								"south": {"uv": [6, 13.25], "uv_size": [0.25, 0.25]},
								"west": {"uv": [13.25, 6], "uv_size": [0.25, 0.25]},
								"up": {"uv": [6.25, 13.25], "uv_size": [0.25, 0.25]},
								"down": {"uv": [13.25, 6.5], "uv_size": [0.25, -0.25]}
							}
						},
						{
							"origin": [1.9142, 19.29232, -4.35948],
							"size": [0.8547, 0.14736, 0.01474],
							"uv": {
								"north": {"uv": [4.5, 13.5], "uv_size": [0.25, 0.25]},
								"east": {"uv": [13.5, 4.5], "uv_size": [0.25, 0.25]},
								"south": {"uv": [4.75, 13.5], "uv_size": [0.25, 0.25]},
								"west": {"uv": [13.5, 4.75], "uv_size": [0.25, 0.25]},
								"up": {"uv": [5, 13.5], "uv_size": [0.25, 0.25]},
								"down": {"uv": [13.5, 5.25], "uv_size": [0.25, -0.25]}
							}
						},
						{
							"origin": [2.91626, 18.26079, -4.35948],
							"size": [0.14736, 0.73681, 0.01474],
							"uv": {
								"north": {"uv": [3.75, 13.5], "uv_size": [0.25, 0.25]},
								"east": {"uv": [13.5, 3.75], "uv_size": [0.25, 0.25]},
								"south": {"uv": [4, 13.5], "uv_size": [0.25, 0.25]},
								"west": {"uv": [13.5, 4], "uv_size": [0.25, 0.25]},
								"up": {"uv": [4.25, 13.5], "uv_size": [0.25, 0.25]},
								"down": {"uv": [13.5, 4.5], "uv_size": [0.25, -0.25]}
							}
						},
						{
							"origin": [1.59001, 18.26079, -4.35948],
							"size": [0.14736, 0.73681, 0.01474],
							"uv": {
								"north": {"uv": [3, 13.5], "uv_size": [0.25, 0.25]},
								"east": {"uv": [13.5, 3], "uv_size": [0.25, 0.25]},
								"south": {"uv": [3.25, 13.5], "uv_size": [0.25, 0.25]},
								"west": {"uv": [13.5, 3.25], "uv_size": [0.25, 0.25]},
								"up": {"uv": [3.5, 13.5], "uv_size": [0.25, 0.25]},
								"down": {"uv": [13.5, 3.75], "uv_size": [0.25, -0.25]}
							}
						},
						{
							"origin": [1.81987, 18.66341, -4.38698],
							"size": [0.35393, 0.35393, 0.01474],
							"uv": {
								"north": {"uv": [5.25, 13.5], "uv_size": [0.25, 0.25]},
								"east": {"uv": [13.5, 5.25], "uv_size": [0.25, 0.25]},
								"south": {"uv": [5.5, 13.5], "uv_size": [0.25, 0.25]},
								"west": {"uv": [13.5, 5.5], "uv_size": [0.25, 0.25]},
								"up": {"uv": [5.75, 13.5], "uv_size": [0.25, 0.25]},
								"down": {"uv": [13.5, 6], "uv_size": [0.25, -0.25]}
							}
						},
						{
							"origin": [1.73737, 18.11343, -4.35948],
							"size": [1.17889, 1.17889, 0.01474],
							"uv": {
								"north": {"uv": [1.75, 13.5], "uv_size": [0.25, 0.25]},
								"east": {"uv": [13.5, 1.75], "uv_size": [0.25, 0.25]},
								"south": {"uv": [13.5, 2], "uv_size": [0.25, 0.25]},
								"west": {"uv": [13.5, 2.25], "uv_size": [0.25, 0.25]},
								"up": {"uv": [13.5, 2.5], "uv_size": [0.25, 0.25]},
								"down": {"uv": [13.5, 3], "uv_size": [0.25, -0.25]}
							}
						},
						{
							"origin": [1.9142, 17.96607, -4.35948],
							"size": [0.8547, 0.14736, 0.01474],
							"uv": {
								"north": {"uv": [1, 13.5], "uv_size": [0.25, 0.25]},
								"east": {"uv": [13.5, 1], "uv_size": [0.25, 0.25]},
								"south": {"uv": [1.25, 13.5], "uv_size": [0.25, 0.25]},
								"west": {"uv": [13.5, 1.25], "uv_size": [0.25, 0.25]},
								"up": {"uv": [1.5, 13.5], "uv_size": [0.25, 0.25]},
								"down": {"uv": [13.5, 1.75], "uv_size": [0.25, -0.25]}
							}
						},
						{
							"origin": [1.80511, 19.44259, -4.33617],
							"size": [1.05017, 0.28106, 0.01811],
							"uv": {
								"north": {"uv": [0.25, 13.5], "uv_size": [0.25, 0.25]},
								"east": {"uv": [13.5, 0.25], "uv_size": [0.25, 0.25]},
								"south": {"uv": [0.5, 13.5], "uv_size": [0.25, 0.25]},
								"west": {"uv": [13.5, 0.5], "uv_size": [0.25, 0.25]},
								"up": {"uv": [0.75, 13.5], "uv_size": [0.25, 0.25]},
								"down": {"uv": [13.5, 1], "uv_size": [0.25, -0.25]}
							}
						},
						{
							"origin": [3.03634, 18.17515, -4.33617],
							"size": [0.18106, 0.90532, 0.01811],
							"uv": {
								"north": {"uv": [13.25, 12.75], "uv_size": [0.25, 0.25]},
								"east": {"uv": [13, 13.25], "uv_size": [0.25, 0.25]},
								"south": {"uv": [13.25, 13], "uv_size": [0.25, 0.25]},
								"west": {"uv": [13.25, 13.25], "uv_size": [0.25, 0.25]},
								"up": {"uv": [0, 13.5], "uv_size": [0.25, 0.25]},
								"down": {"uv": [13.5, 0.25], "uv_size": [0.25, -0.25]}
							}
						},
						{
							"origin": [1.40677, 18.17515, -4.33617],
							"size": [0.18106, 0.90532, 0.01811],
							"uv": {
								"north": {"uv": [13.25, 12], "uv_size": [0.25, 0.25]},
								"east": {"uv": [12.25, 13.25], "uv_size": [0.25, 0.25]},
								"south": {"uv": [13.25, 12.25], "uv_size": [0.25, 0.25]},
								"west": {"uv": [12.5, 13.25], "uv_size": [0.25, 0.25]},
								"up": {"uv": [13.25, 12.5], "uv_size": [0.25, 0.25]},
								"down": {"uv": [12.75, 13.5], "uv_size": [0.25, -0.25]}
							}
						},
						{
							"origin": [1.58784, 17.99408, -4.33617],
							"size": [1.4485, 1.4485, 0.01811],
							"uv": {
								"north": {"uv": [13.25, 10.75], "uv_size": [0.25, 0.25]},
								"east": {"uv": [11, 13.25], "uv_size": [0.25, 0.25]},
								"south": {"uv": [13.25, 11], "uv_size": [0.25, 0.25]},
								"west": {"uv": [11.25, 13.25], "uv_size": [0.25, 0.25]},
								"up": {"uv": [13.25, 11.75], "uv_size": [0.25, 0.25]},
								"down": {"uv": [12, 13.5], "uv_size": [0.25, -0.25]}
							}
						},
						{
							"origin": [1.80511, 17.78802, -4.33617],
							"size": [1.05017, 0.20606, 0.01811],
							"uv": {
								"north": {"uv": [13.25, 10], "uv_size": [0.25, 0.25]},
								"east": {"uv": [10.25, 13.25], "uv_size": [0.25, 0.25]},
								"south": {"uv": [13.25, 10.25], "uv_size": [0.25, 0.25]},
								"west": {"uv": [10.5, 13.25], "uv_size": [0.25, 0.25]},
								"up": {"uv": [13.25, 10.5], "uv_size": [0.25, 0.25]},
								"down": {"uv": [10.75, 13.5], "uv_size": [0.25, -0.25]}
							}
						}
					]
				},
				{
					"name": "RightEyelid",
					"parent": "Eyelid",
					"pivot": [-2.64032, 18.7054, -4.29552],
					"cubes": [
						{
							"origin": [-3.293, 19.6315, -4.30655],
							"size": [1.2789, 0.2205, 0.02205],
							"uv": {
								"north": {"uv": [5, 13.25], "uv_size": [-0.25, 0.25]},
								"east": {"uv": [13.5, 5.25], "uv_size": [-0.25, 0.25]},
								"south": {"uv": [5.5, 13.25], "uv_size": [-0.25, 0.25]},
								"west": {"uv": [5.25, 13.25], "uv_size": [-0.25, 0.25]},
								"up": {"uv": [5.75, 13.25], "uv_size": [-0.25, 0.25]},
								"down": {"uv": [13.5, 5.75], "uv_size": [-0.25, -0.25]}
							}
						},
						{
							"origin": [-3.734, 18.088, -4.30655],
							"size": [0.2205, 1.1025, 0.02205],
							"uv": {
								"north": {"uv": [13.5, 3.75], "uv_size": [-0.25, 0.25]},
								"east": {"uv": [4.5, 13.25], "uv_size": [-0.25, 0.25]},
								"south": {"uv": [13.5, 4], "uv_size": [-0.25, 0.25]},
								"west": {"uv": [4.25, 13.25], "uv_size": [-0.25, 0.25]},
								"up": {"uv": [13.5, 4.25], "uv_size": [-0.25, 0.25]},
								"down": {"uv": [4.75, 13.5], "uv_size": [-0.25, -0.25]}
							}
						},
						{
							"origin": [-1.7495, 18.088, -4.30655],
							"size": [0.2205, 1.1025, 0.02205],
							"uv": {
								"north": {"uv": [13.5, 2.75], "uv_size": [-0.25, 0.25]},
								"east": {"uv": [3.75, 13.25], "uv_size": [-0.25, 0.25]},
								"south": {"uv": [13.5, 3.25], "uv_size": [-0.25, 0.25]},
								"west": {"uv": [13.5, 3], "uv_size": [-0.25, 0.25]},
								"up": {"uv": [13.5, 3.5], "uv_size": [-0.25, 0.25]},
								"down": {"uv": [4, 13.5], "uv_size": [-0.25, -0.25]}
							}
						},
						{
							"origin": [-3.5135, 17.8675, -4.30655],
							"size": [1.764, 1.764, 0.02205],
							"uv": {
								"north": {"uv": [13, 6.25], "uv_size": [-0.5, 0.5]},
								"east": {"uv": [13, 9.75], "uv_size": [-0.25, 0.5]},
								"south": {"uv": [9.5, 12.5], "uv_size": [-0.5, 0.5]},
								"west": {"uv": [13, 9.25], "uv_size": [-0.25, 0.5]},
								"up": {"uv": [3.5, 6.25], "uv_size": [-0.5, 0.25]},
								"down": {"uv": [2.25, 8.25], "uv_size": [-0.5, -0.25]}
							}
						},
						{
							"origin": [-3.293, 17.647, -4.30655],
							"size": [1.2789, 0.2205, 0.02205],
							"uv": {
								"north": {"uv": [6, 13.25], "uv_size": [-0.25, 0.25]},
								"east": {"uv": [13.5, 6], "uv_size": [-0.25, 0.25]},
								"south": {"uv": [6.25, 13.25], "uv_size": [-0.25, 0.25]},
								"west": {"uv": [13.5, 5.75], "uv_size": [-0.25, 0.25]},
								"up": {"uv": [6.5, 13.25], "uv_size": [-0.25, 0.25]},
								"down": {"uv": [13.5, 6.5], "uv_size": [-0.25, -0.25]}
							}
						}
					]
				},
				{
					"name": "bone9",
					"parent": "RightEyelid",
					"pivot": [1.125, 15.6805, -2.6885],
					"cubes": [
						{
							"origin": [-3.18028, 17.78802, -4.33617],
							"size": [1.05017, 0.20606, 0.01811],
							"uv": {
								"north": {"uv": [13.5, 10], "uv_size": [-0.25, 0.25]},
								"east": {"uv": [10.75, 13.25], "uv_size": [-0.25, 0.25]},
								"south": {"uv": [13.5, 10.25], "uv_size": [-0.25, 0.25]},
								"west": {"uv": [10.5, 13.25], "uv_size": [-0.25, 0.25]},
								"up": {"uv": [13.5, 10.5], "uv_size": [-0.25, 0.25]},
								"down": {"uv": [11, 13.5], "uv_size": [-0.25, -0.25]}
							}
						},
						{
							"origin": [-3.36134, 17.99408, -4.33617],
							"size": [1.4485, 1.4485, 0.01811],
							"uv": {
								"north": {"uv": [13.5, 10.75], "uv_size": [-0.25, 0.25]},
								"east": {"uv": [11.5, 13.25], "uv_size": [-0.25, 0.25]},
								"south": {"uv": [13.5, 11], "uv_size": [-0.25, 0.25]},
								"west": {"uv": [11.25, 13.25], "uv_size": [-0.25, 0.25]},
								"up": {"uv": [13.5, 11.75], "uv_size": [-0.25, 0.25]},
								"down": {"uv": [12.25, 13.5], "uv_size": [-0.25, -0.25]}
							}
						},
						{
							"origin": [-1.91284, 18.17515, -4.33617],
							"size": [0.18106, 0.90532, 0.01811],
							"uv": {
								"north": {"uv": [13.5, 12], "uv_size": [-0.25, 0.25]},
								"east": {"uv": [12.75, 13.25], "uv_size": [-0.25, 0.25]},
								"south": {"uv": [13.5, 12.25], "uv_size": [-0.25, 0.25]},
								"west": {"uv": [12.5, 13.25], "uv_size": [-0.25, 0.25]},
								"up": {"uv": [13.5, 12.5], "uv_size": [-0.25, 0.25]},
								"down": {"uv": [13, 13.5], "uv_size": [-0.25, -0.25]}
							}
						},
						{
							"origin": [-3.5424, 18.17515, -4.33617],
							"size": [0.18106, 0.90532, 0.01811],
							"uv": {
								"north": {"uv": [13.5, 12.75], "uv_size": [-0.25, 0.25]},
								"east": {"uv": [13.5, 13.25], "uv_size": [-0.25, 0.25]},
								"south": {"uv": [13.5, 13], "uv_size": [-0.25, 0.25]},
								"west": {"uv": [13.25, 13.25], "uv_size": [-0.25, 0.25]},
								"up": {"uv": [0.25, 13.5], "uv_size": [-0.25, 0.25]},
								"down": {"uv": [13.75, 0.25], "uv_size": [-0.25, -0.25]}
							}
						},
						{
							"origin": [-3.18028, 19.44259, -4.33617],
							"size": [1.05017, 0.28106, 0.01811],
							"uv": {
								"north": {"uv": [0.5, 13.5], "uv_size": [-0.25, 0.25]},
								"east": {"uv": [13.75, 0.5], "uv_size": [-0.25, 0.25]},
								"south": {"uv": [0.75, 13.5], "uv_size": [-0.25, 0.25]},
								"west": {"uv": [13.75, 0.25], "uv_size": [-0.25, 0.25]},
								"up": {"uv": [1, 13.5], "uv_size": [-0.25, 0.25]},
								"down": {"uv": [13.75, 1], "uv_size": [-0.25, -0.25]}
							}
						}
					]
				},
				{
					"name": "bone10",
					"parent": "bone9",
					"pivot": [0.41003, 16.23048, -3.01849],
					"cubes": [
						{
							"origin": [-3.0939, 17.96607, -4.35948],
							"size": [0.8547, 0.14736, 0.01474],
							"uv": {
								"north": {"uv": [1.25, 13.5], "uv_size": [-0.25, 0.25]},
								"east": {"uv": [13.75, 1.25], "uv_size": [-0.25, 0.25]},
								"south": {"uv": [1.5, 13.5], "uv_size": [-0.25, 0.25]},
								"west": {"uv": [13.75, 1], "uv_size": [-0.25, 0.25]},
								"up": {"uv": [1.75, 13.5], "uv_size": [-0.25, 0.25]},
								"down": {"uv": [13.75, 1.75], "uv_size": [-0.25, -0.25]}
							}
						},
						{
							"origin": [-3.24126, 18.11343, -4.35948],
							"size": [1.17889, 1.17889, 0.01474],
							"uv": {
								"north": {"uv": [2, 13.5], "uv_size": [-0.25, 0.25]},
								"east": {"uv": [13.75, 2.25], "uv_size": [-0.25, 0.25]},
								"south": {"uv": [13.75, 2], "uv_size": [-0.25, 0.25]},
								"west": {"uv": [13.75, 1.75], "uv_size": [-0.25, 0.25]},
								"up": {"uv": [13.75, 2.5], "uv_size": [-0.25, 0.25]},
								"down": {"uv": [13.75, 3], "uv_size": [-0.25, -0.25]}
							}
						},
						{
							"origin": [-2.49879, 18.66341, -4.38698],
							"size": [0.35393, 0.35393, 0.01474],
							"uv": {
								"north": {"uv": [5.5, 13.5], "uv_size": [-0.25, 0.25]},
								"east": {"uv": [13.75, 5.5], "uv_size": [-0.25, 0.25]},
								"south": {"uv": [5.75, 13.5], "uv_size": [-0.25, 0.25]},
								"west": {"uv": [13.75, 5.25], "uv_size": [-0.25, 0.25]},
								"up": {"uv": [6, 13.5], "uv_size": [-0.25, 0.25]},
								"down": {"uv": [13.75, 6], "uv_size": [-0.25, -0.25]}
							}
						},
						{
							"origin": [-2.06237, 18.26079, -4.35948],
							"size": [0.14736, 0.73681, 0.01474],
							"uv": {
								"north": {"uv": [3.25, 13.5], "uv_size": [-0.25, 0.25]},
								"east": {"uv": [13.75, 3.25], "uv_size": [-0.25, 0.25]},
								"south": {"uv": [3.5, 13.5], "uv_size": [-0.25, 0.25]},
								"west": {"uv": [13.75, 3], "uv_size": [-0.25, 0.25]},
								"up": {"uv": [3.75, 13.5], "uv_size": [-0.25, 0.25]},
								"down": {"uv": [13.75, 3.75], "uv_size": [-0.25, -0.25]}
							}
						},
						{
							"origin": [-3.38862, 18.26079, -4.35948],
							"size": [0.14736, 0.73681, 0.01474],
							"uv": {
								"north": {"uv": [4, 13.5], "uv_size": [-0.25, 0.25]},
								"east": {"uv": [13.75, 4], "uv_size": [-0.25, 0.25]},
								"south": {"uv": [4.25, 13.5], "uv_size": [-0.25, 0.25]},
								"west": {"uv": [13.75, 3.75], "uv_size": [-0.25, 0.25]},
								"up": {"uv": [4.5, 13.5], "uv_size": [-0.25, 0.25]},
								"down": {"uv": [13.75, 4.5], "uv_size": [-0.25, -0.25]}
							}
						},
						{
							"origin": [-3.0939, 19.29232, -4.35948],
							"size": [0.8547, 0.14736, 0.01474],
							"uv": {
								"north": {"uv": [4.75, 13.5], "uv_size": [-0.25, 0.25]},
								"east": {"uv": [13.75, 4.75], "uv_size": [-0.25, 0.25]},
								"south": {"uv": [5, 13.5], "uv_size": [-0.25, 0.25]},
								"west": {"uv": [13.75, 4.5], "uv_size": [-0.25, 0.25]},
								"up": {"uv": [5.25, 13.5], "uv_size": [-0.25, 0.25]},
								"down": {"uv": [13.75, 5.25], "uv_size": [-0.25, -0.25]}
							}
						}
					]
				},
				{
					"name": "Arm",
					"parent": "UpperBody",
					"pivot": [0, 13, 0]
				},
				{
					"name": "LeftArm",
					"parent": "Arm",
					"pivot": [3.87723, 12.79525, 0.99536],
					"cubes": [
						{
							"origin": [4.80395, 6.94203, 1.44865],
							"size": [0.825, 0.675, 0.425],
							"pivot": [5.09145, 7.17953, 1.53615],
							"rotation": [9.9162, -1.2988, 7.3873],
							"uv": {
								"north": {"uv": [13.25, 9.25], "uv_size": [-0.25, 0.25]},
								"east": {"uv": [10, 13], "uv_size": [-0.25, 0.25]},
								"south": {"uv": [13.25, 9.5], "uv_size": [-0.25, 0.25]},
								"west": {"uv": [9.75, 13], "uv_size": [-0.25, 0.25]},
								"up": {"uv": [13.25, 9.75], "uv_size": [-0.25, 0.25]},
								"down": {"uv": [10.25, 13.25], "uv_size": [-0.25, -0.25]}
							}
						},
						{
							"origin": [4.74177, 6.97432, 0.70672],
							"size": [0.625, 0.625, 0.525],
							"pivot": [5.09177, 7.16182, 0.94422],
							"rotation": [-1.2498, 0.3629, 109.8824],
							"uv": {
								"north": {"uv": [13.25, 10], "uv_size": [-0.25, 0.25]},
								"east": {"uv": [13.25, 10.5], "uv_size": [-0.25, 0.25]},
								"south": {"uv": [13.25, 10.25], "uv_size": [-0.25, 0.25]},
								"west": {"uv": [10.5, 13], "uv_size": [-0.25, 0.25]},
								"up": {"uv": [11.25, 13], "uv_size": [-0.25, 0.25]},
								"down": {"uv": [13.25, 11.25], "uv_size": [-0.25, -0.25]}
							}
						},
						{
							"origin": [4.80395, 6.94203, 0.12635],
							"size": [0.825, 0.675, 0.425],
							"pivot": [5.09145, 7.17953, 0.46385],
							"rotation": [-9.9162, 1.2988, 7.3873],
							"uv": {
								"north": {"uv": [13.25, 8.5], "uv_size": [-0.25, 0.25]},
								"east": {"uv": [9.25, 13], "uv_size": [-0.25, 0.25]},
								"south": {"uv": [13.25, 8.75], "uv_size": [-0.25, 0.25]},
								"west": {"uv": [9, 13], "uv_size": [-0.25, 0.25]},
								"up": {"uv": [13.25, 9], "uv_size": [-0.25, 0.25]},
								"down": {"uv": [9.5, 13.25], "uv_size": [-0.25, -0.25]}
							}
						},
						{
							"origin": [4.85395, 7.2659, 0.2],
							"size": [2.475, 1.6, 1.6],
							"uv": {
								"north": {"uv": [12.75, 6.75], "uv_size": [-0.5, 0.5]},
								"east": {"uv": [12.75, 9.25], "uv_size": [-0.5, 0.5]},
								"south": {"uv": [12.75, 8.75], "uv_size": [-0.5, 0.5]},
								"west": {"uv": [9, 12.25], "uv_size": [-0.5, 0.5]},
								"up": {"uv": [12.75, 9.75], "uv_size": [-0.5, 0.5]},
								"down": {"uv": [12.75, 10.75], "uv_size": [-0.5, -0.5]}
							}
						},
						{
							"origin": [4.62435, 8.50983, 0.1],
							"size": [2.475, 2.6, 1.8],
							"pivot": [5.86185, 9.55983, 1],
							"rotation": [0, 0, -15],
							"uv": {
								"north": {"uv": [9, 11], "uv_size": [-0.5, 1.25]},
								"east": {"uv": [9.5, 11.25], "uv_size": [-0.5, 1.25]},
								"south": {"uv": [11.75, 3.5], "uv_size": [-0.5, 1.25]},
								"west": {"uv": [11.75, 2.25], "uv_size": [-0.5, 1.25]},
								"up": {"uv": [12.75, 0], "uv_size": [-0.5, 0.5]},
								"down": {"uv": [12.75, 5.25], "uv_size": [-0.5, -0.5]}
							}
						},
						{
							"origin": [3.025, 10.15, 0],
							"size": [2.475, 3.1, 2],
							"pivot": [4.5, 12.25, 1.5],
							"rotation": [0, 0, -42.5],
							"uv": {
								"north": {"uv": [3.5, 5.5], "uv_size": [-0.5, 0.75]},
								"east": {"uv": [6.5, 12], "uv_size": [-0.5, 0.75]},
								"south": {"uv": [12.5, 1.25], "uv_size": [-0.5, 0.75]},
								"west": {"uv": [2.25, 7.25], "uv_size": [-0.5, 0.75]},
								"up": {"uv": [10, 6.75], "uv_size": [-0.5, 0.5]},
								"down": {"uv": [1.5, 11], "uv_size": [-0.5, -0.5]}
							}
						}
					]
				},
				{
					"name": "LeftHandLocator",
					"parent": "LeftArm",
					"pivot": [6.5, 8, 0],
					"rotation": [0, 0, -35]
				},
				{
					"name": "RightArm",
					"parent": "Arm",
					"pivot": [-4.62723, 12.79525, 0.99536],
					"cubes": [
						{
							"origin": [-5.62895, 6.94203, 1.44865],
							"size": [0.825, 0.675, 0.425],
							"pivot": [-5.09145, 7.17953, 1.53615],
							"rotation": [9.9162, 1.2988, -7.3873],
							"uv": {
								"north": {"uv": [13, 9.25], "uv_size": [0.25, 0.25]},
								"east": {"uv": [9.5, 13], "uv_size": [0.25, 0.25]},
								"south": {"uv": [13, 9.5], "uv_size": [0.25, 0.25]},
								"west": {"uv": [9.75, 13], "uv_size": [0.25, 0.25]},
								"up": {"uv": [13, 9.75], "uv_size": [0.25, 0.25]},
								"down": {"uv": [10, 13.25], "uv_size": [0.25, -0.25]}
							}
						},
						{
							"origin": [-5.36677, 6.97432, 0.70672],
							"size": [0.625, 0.625, 0.525],
							"pivot": [-5.09177, 7.16182, 0.94422],
							"rotation": [-1.2498, -0.3629, -109.8824],
							"uv": {
								"north": {"uv": [13, 10], "uv_size": [0.25, 0.25]},
								"east": {"uv": [10.25, 13], "uv_size": [0.25, 0.25]},
								"south": {"uv": [13, 10.25], "uv_size": [0.25, 0.25]},
								"west": {"uv": [13, 10.5], "uv_size": [0.25, 0.25]},
								"up": {"uv": [11, 13], "uv_size": [0.25, 0.25]},
								"down": {"uv": [13, 11.25], "uv_size": [0.25, -0.25]}
							}
						},
						{
							"origin": [-5.62895, 6.94203, 0.12635],
							"size": [0.825, 0.675, 0.425],
							"pivot": [-5.09145, 7.17953, 0.46385],
							"rotation": [-9.9162, -1.2988, -7.3873],
							"uv": {
								"north": {"uv": [13, 8.5], "uv_size": [0.25, 0.25]},
								"east": {"uv": [8.75, 13], "uv_size": [0.25, 0.25]},
								"south": {"uv": [13, 8.75], "uv_size": [0.25, 0.25]},
								"west": {"uv": [9, 13], "uv_size": [0.25, 0.25]},
								"up": {"uv": [13, 9], "uv_size": [0.25, 0.25]},
								"down": {"uv": [9.25, 13.25], "uv_size": [0.25, -0.25]}
							}
						},
						{
							"origin": [-7.32895, 7.2659, 0.2],
							"size": [2.475, 1.6, 1.6],
							"uv": {
								"north": {"uv": [12.25, 6.75], "uv_size": [0.5, 0.5]},
								"east": {"uv": [8.5, 12.25], "uv_size": [0.5, 0.5]},
								"south": {"uv": [12.25, 8.75], "uv_size": [0.5, 0.5]},
								"west": {"uv": [12.25, 9.25], "uv_size": [0.5, 0.5]},
								"up": {"uv": [12.25, 9.75], "uv_size": [0.5, 0.5]},
								"down": {"uv": [12.25, 10.75], "uv_size": [0.5, -0.5]}
							}
						},
						{
							"origin": [-7.09935, 8.50983, 0.1],
							"size": [2.475, 2.6, 1.8],
							"pivot": [-5.86185, 9.55983, 1],
							"rotation": [0, 0, 15],
							"uv": {
								"north": {"uv": [8.5, 11], "uv_size": [0.5, 1.25]},
								"east": {"uv": [11.25, 2.25], "uv_size": [0.5, 1.25]},
								"south": {"uv": [11.25, 3.5], "uv_size": [0.5, 1.25]},
								"west": {"uv": [9, 11.25], "uv_size": [0.5, 1.25]},
								"up": {"uv": [12.25, 0], "uv_size": [0.5, 0.5]},
								"down": {"uv": [12.25, 5.25], "uv_size": [0.5, -0.5]}
							}
						},
						{
							"origin": [-5.5, 10.15, 0],
							"size": [2.475, 3.1, 2],
							"pivot": [-4.5, 12.25, 1.5],
							"rotation": [0, 0, 42.5],
							"uv": {
								"north": {"uv": [3, 5.5], "uv_size": [0.5, 0.75]},
								"east": {"uv": [1.75, 7.25], "uv_size": [0.5, 0.75]},
								"south": {"uv": [12, 1.25], "uv_size": [0.5, 0.75]},
								"west": {"uv": [6, 12], "uv_size": [0.5, 0.75]},
								"up": {"uv": [9.5, 6.75], "uv_size": [0.5, 0.5]},
								"down": {"uv": [1, 11], "uv_size": [0.5, -0.5]}
							}
						}
					]
				},
				{
					"name": "RightHandLocator",
					"parent": "RightArm",
					"pivot": [-6.5, 8, 0],
					"rotation": [0, 0, 32.5]
				},
				{
					"name": "ElytraLocator",
					"parent": "UpperBody",
					"pivot": [0, 5, 3.25]
				},
				{
					"name": "DownBody",
					"parent": "AllBody",
					"pivot": [0, 8.25, 0]
				},
				{
					"name": "Body",
					"parent": "DownBody",
					"pivot": [0, 7.01389, -0.13889],
					"cubes": [
						{
							"origin": [-5, 4, -2],
							"size": [0.5, 7, 7],
							"uv": {
								"north": {"uv": [5, 11.5], "uv_size": [0.25, 1.75]},
								"east": {"uv": [7.75, 5.5], "uv_size": [1.75, 1.75]},
								"south": {"uv": [5.25, 11.5], "uv_size": [0.25, 1.75]},
								"west": {"uv": [8, 2], "uv_size": [1.75, 1.75]},
								"up": {"uv": [5.5, 11.5], "uv_size": [0.25, 1.75]},
								"down": {"uv": [5.75, 13.25], "uv_size": [0.25, -1.75]}
							}
						},
						{
							"origin": [-2.5, 2.5, -1],
							"size": [5, 0.5, 5],
							"uv": {
								"north": {"uv": [11.75, 8.5], "uv_size": [1.25, 0.25]},
								"east": {"uv": [12, 2], "uv_size": [1.25, 0.25]},
								"south": {"uv": [12, 4.25], "uv_size": [1.25, 0.25]},
								"west": {"uv": [12, 7.25], "uv_size": [1.25, 0.25]},
								"up": {"uv": [3.5, 10.25], "uv_size": [1.25, 1.25]},
								"down": {"uv": [4.75, 11.5], "uv_size": [1.25, -1.25]}
							}
						},
						{
							"origin": [-4.5, 3, -2],
							"size": [9, 10.75, 7],
							"uv": {
								"north": {"uv": [0, 0], "uv_size": [2.25, 2.75]},
								"east": {"uv": [0, 2.75], "uv_size": [1.75, 2.75]},
								"south": {"uv": [2.25, 0], "uv_size": [2.25, 2.75]},
								"west": {"uv": [1.75, 2.75], "uv_size": [1.75, 2.75]},
								"up": {"uv": [5.75, 2], "uv_size": [2.25, 1.75]},
								"down": {"uv": [5.75, 5.5], "uv_size": [2.25, -1.75]}
							}
						},
						{
							"origin": [5, 5, -2],
							"size": [0.5, 4, 7],
							"uv": {
								"north": {"uv": [3.75, 12.25], "uv_size": [0.25, 1]},
								"east": {"uv": [7.25, 10], "uv_size": [1.75, 1]},
								"south": {"uv": [4, 12.25], "uv_size": [0.25, 1]},
								"west": {"uv": [10, 7.75], "uv_size": [1.75, 1]},
								"up": {"uv": [11.5, 11.75], "uv_size": [0.25, 1.75]},
								"down": {"uv": [11.75, 13.5], "uv_size": [0.25, -1.75]}
							}
						},
						{
							"origin": [4.5, 4, -2],
							"size": [0.5, 7, 7],
							"uv": {
								"north": {"uv": [2, 12], "uv_size": [0.25, 1.75]},
								"east": {"uv": [8, 3.75], "uv_size": [1.75, 1.75]},
								"south": {"uv": [2.25, 12], "uv_size": [0.25, 1.75]},
								"west": {"uv": [1.75, 8.25], "uv_size": [1.75, 1.75]},
								"up": {"uv": [2.5, 12], "uv_size": [0.25, 1.75]},
								"down": {"uv": [2.75, 13.75], "uv_size": [0.25, -1.75]}
							}
						},
						{
							"origin": [-5.5, 5, -2],
							"size": [0.5, 4, 7],
							"uv": {
								"north": {"uv": [8, 9], "uv_size": [0.25, 1]},
								"east": {"uv": [1.75, 10], "uv_size": [1.75, 1]},
								"south": {"uv": [3.5, 12.25], "uv_size": [0.25, 1]},
								"west": {"uv": [10, 6.75], "uv_size": [1.75, 1]},
								"up": {"uv": [11.75, 2.75], "uv_size": [0.25, 1.75]},
								"down": {"uv": [11.75, 7.5], "uv_size": [0.25, -1.75]}
							}
						},
						{
							"origin": [-1.5, 6, -4.5],
							"size": [3, 3, 0.5],
							"uv": {
								"north": {"uv": [3.5, 8.25], "uv_size": [0.75, 0.75]},
								"east": {"uv": [7, 10.25], "uv_size": [0.25, 0.75]},
								"south": {"uv": [0, 11.5], "uv_size": [0.75, 0.75]},
								"west": {"uv": [10.5, 12.5], "uv_size": [0.25, 0.75]},
								"up": {"uv": [10.25, 1.25], "uv_size": [0.75, 0.25]},
								"down": {"uv": [10.75, 12.75], "uv_size": [0.75, -0.25]}
							}
						},
						{
							"origin": [-2.5, 5, -4],
							"size": [5, 5, 1],
							"uv": {
								"north": {"uv": [9, 10], "uv_size": [1.25, 1.25]},
								"east": {"uv": [12, 11.75], "uv_size": [0.25, 1.25]},
								"south": {"uv": [10.25, 0], "uv_size": [1.25, 1.25]},
								"west": {"uv": [0, 12.25], "uv_size": [0.25, 1.25]},
								"up": {"uv": [4.5, 2.5], "uv_size": [1.25, 0.25]},
								"down": {"uv": [9.75, 5.5], "uv_size": [1.25, -0.25]}
							}
						},
						{
							"origin": [-3.5, 4, -3],
							"size": [7, 8, 1],
							"uv": {
								"north": {"uv": [6.75, 0], "uv_size": [1.75, 2]},
								"east": {"uv": [1.5, 11.5], "uv_size": [0.25, 2]},
								"south": {"uv": [0, 7.25], "uv_size": [1.75, 2]},
								"west": {"uv": [1.75, 11.5], "uv_size": [0.25, 2]},
								"up": {"uv": [11.75, 2.25], "uv_size": [1.75, 0.25]},
								"down": {"uv": [11.75, 2.75], "uv_size": [1.75, -0.25]}
							}
						}
					]
				},
				{
					"name": "tail",
					"parent": "Body",
					"pivot": [-0.18125, 6.3022, 4.53482],
					"cubes": [
						{
							"origin": [-0.65, 6.8209, 8.37527],
							"size": [0.75, 0.975, 1.125],
							"pivot": [-0.15, 7.3459, 8.93777],
							"rotation": [47.5, 0, 0],
							"uv": {
								"north": {"uv": [11.5, 6.25], "uv_size": [0.25, 0.25]},
								"east": {"uv": [11.5, 6.5], "uv_size": [0.25, 0.25]},
								"south": {"uv": [3.25, 12], "uv_size": [0.25, 0.25]},
								"west": {"uv": [6.5, 12], "uv_size": [0.25, 0.25]},
								"up": {"uv": [12, 6.5], "uv_size": [0.25, 0.25]},
								"down": {"uv": [6.75, 12.25], "uv_size": [0.25, -0.25]}
							}
						},
						{
							"origin": [-0.9, 6.3, 7.675],
							"size": [1.5, 1.65, 1.125],
							"pivot": [-0.15, 7.425, 8.675],
							"rotation": [22.5, 0, 0],
							"uv": {
								"north": {"uv": [12, 0.75], "uv_size": [0.5, 0.5]},
								"east": {"uv": [1.5, 10.5], "uv_size": [0.25, 0.5]},
								"south": {"uv": [12, 5.75], "uv_size": [0.5, 0.5]},
								"west": {"uv": [11.5, 5.75], "uv_size": [0.25, 0.5]},
								"up": {"uv": [4.5, 12], "uv_size": [0.5, 0.25]},
								"down": {"uv": [12, 6.5], "uv_size": [0.5, -0.25]}
							}
						},
						{
							"origin": [-1.15, 5.4, 6.475],
							"size": [2, 2.25, 1.975],
							"pivot": [-0.15, 6.775, 7.475],
							"rotation": [17.5, 0, 0],
							"uv": {
								"north": {"uv": [8, 11.25], "uv_size": [0.5, 0.5]},
								"east": {"uv": [11.5, 0.75], "uv_size": [0.5, 0.5]},
								"south": {"uv": [11.5, 1.25], "uv_size": [0.5, 0.5]},
								"west": {"uv": [11.5, 1.75], "uv_size": [0.5, 0.5]},
								"up": {"uv": [4.5, 11.5], "uv_size": [0.5, 0.5]},
								"down": {"uv": [8, 12.25], "uv_size": [0.5, -0.5]}
							}
						},
						{
							"origin": [-1.9, 5, 4.75],
							"size": [3.5, 2.75, 3],
							"pivot": [-0.15, 6.375, 6.25],
							"rotation": [5, 0, 0],
							"uv": {
								"north": {"uv": [9.5, 11.25], "uv_size": [1, 0.75]},
								"east": {"uv": [9.5, 12], "uv_size": [0.75, 0.75]},
								"south": {"uv": [10.5, 11.25], "uv_size": [1, 0.75]},
								"west": {"uv": [6.5, 12.25], "uv_size": [0.75, 0.75]},
								"up": {"uv": [3.5, 11.5], "uv_size": [1, 0.75]},
								"down": {"uv": [7, 12.25], "uv_size": [1, -0.75]}
							}
						}
					]
				},
				{
					"name": "RightLeg",
					"parent": "DownBody",
					"pivot": [-2.9705, 3.152, -0.02017],
					"cubes": [
						{
							"origin": [-4.405, -0.02, -0.92],
							"size": [0.64, 0.93, 0.88],
							"pivot": [-4.035, 0.48, -0.48],
							"rotation": [0, 12.5, 0],
							"uv": {
								"north": {"uv": [12.25, 4], "uv_size": [0.25, 0.25]},
								"east": {"uv": [12.75, 11], "uv_size": [0.25, 0.25]},
								"south": {"uv": [12.75, 11.75], "uv_size": [0.25, 0.25]},
								"west": {"uv": [12.75, 12], "uv_size": [0.25, 0.25]},
								"up": {"uv": [12.25, 12.75], "uv_size": [0.25, 0.25]},
								"down": {"uv": [12.75, 12.5], "uv_size": [0.25, -0.25]}
							}
						},
						{
							"origin": [-4.275, 0, -0.38],
							"size": [2.625, 0.8, 0.395],
							"uv": {
								"north": {"uv": [12.75, 0], "uv_size": [0.75, 0.25]},
								"east": {"uv": [11, 1.25], "uv_size": [0.25, 0.25]},
								"south": {"uv": [12.75, 0.25], "uv_size": [0.75, 0.25]},
								"west": {"uv": [12.25, 0.5], "uv_size": [0.25, 0.25]},
								"up": {"uv": [12.75, 4.75], "uv_size": [0.75, 0.25]},
								"down": {"uv": [12.75, 5.25], "uv_size": [0.75, -0.25]}
							}
						},
						{
							"origin": [-2.16, -0.02, -0.92],
							"size": [0.64, 0.93, 0.88],
							"pivot": [-1.89, 0.48, -0.48],
							"rotation": [0, -12.5, 0],
							"uv": {
								"north": {"uv": [13, 1.25], "uv_size": [0.25, 0.25]},
								"east": {"uv": [13, 1.5], "uv_size": [0.25, 0.25]},
								"south": {"uv": [13, 1.75], "uv_size": [0.25, 0.25]},
								"west": {"uv": [13, 2.75], "uv_size": [0.25, 0.25]},
								"up": {"uv": [13, 3], "uv_size": [0.25, 0.25]},
								"down": {"uv": [13, 3.5], "uv_size": [0.25, -0.25]}
							}
						},
						{
							"origin": [-3.31, -0.02, -0.92],
							"size": [0.69, 0.98, 0.88],
							"uv": {
								"north": {"uv": [12.5, 12.75], "uv_size": [0.25, 0.25]},
								"east": {"uv": [12.75, 12.5], "uv_size": [0.25, 0.25]},
								"south": {"uv": [12.75, 12.75], "uv_size": [0.25, 0.25]},
								"west": {"uv": [13, 0.5], "uv_size": [0.25, 0.25]},
								"up": {"uv": [13, 0.75], "uv_size": [0.25, 0.25]},
								"down": {"uv": [13, 1.25], "uv_size": [0.25, -0.25]}
							}
						},
						{
							"origin": [-4.5, 0, 0],
							"size": [3, 3, 3],
							"uv": {
								"north": {"uv": [2.25, 5.5], "uv_size": [0.75, 1]},
								"east": {"uv": [7.25, 9], "uv_size": [0.75, 1]},
								"south": {"uv": [2, 11], "uv_size": [0.75, 1]},
								"west": {"uv": [2.75, 11], "uv_size": [0.75, 1]},
								"up": {"uv": [11.5, 0], "uv_size": [0.75, 0.75]},
								"down": {"uv": [0.75, 12.25], "uv_size": [0.75, -0.75]}
							}
						}
					]
				},
				{
					"name": "LeftLeg",
					"parent": "DownBody",
					"pivot": [2.9705, 3.152, -0.02017],
					"cubes": [
						{
							"origin": [3.765, -0.02, -0.92],
							"size": [0.64, 0.93, 0.88],
							"pivot": [4.035, 0.48, -0.48],
							"rotation": [0, -12.5, 0],
							"uv": {
								"north": {"uv": [12.5, 4], "uv_size": [-0.25, 0.25]},
								"east": {"uv": [13, 12], "uv_size": [-0.25, 0.25]},
								"south": {"uv": [13, 11.75], "uv_size": [-0.25, 0.25]},
								"west": {"uv": [13, 11], "uv_size": [-0.25, 0.25]},
								"up": {"uv": [12.5, 12.75], "uv_size": [-0.25, 0.25]},
								"down": {"uv": [13, 12.5], "uv_size": [-0.25, -0.25]}
							}
						},
						{
							"origin": [1.65, 0, -0.38],
							"size": [2.625, 0.8, 0.395],
							"uv": {
								"north": {"uv": [13.5, 0], "uv_size": [-0.75, 0.25]},
								"east": {"uv": [12.5, 0.5], "uv_size": [-0.25, 0.25]},
								"south": {"uv": [13.5, 0.25], "uv_size": [-0.75, 0.25]},
								"west": {"uv": [11.25, 1.25], "uv_size": [-0.25, 0.25]},
								"up": {"uv": [13.5, 4.75], "uv_size": [-0.75, 0.25]},
								"down": {"uv": [13.5, 5.25], "uv_size": [-0.75, -0.25]}
							}
						},
						{
							"origin": [1.52, -0.02, -0.92],
							"size": [0.64, 0.93, 0.88],
							"pivot": [1.89, 0.48, -0.48],
							"rotation": [0, 12.5, 0],
							"uv": {
								"north": {"uv": [13.25, 1.25], "uv_size": [-0.25, 0.25]},
								"east": {"uv": [13.25, 2.75], "uv_size": [-0.25, 0.25]},
								"south": {"uv": [13.25, 1.75], "uv_size": [-0.25, 0.25]},
								"west": {"uv": [13.25, 1.5], "uv_size": [-0.25, 0.25]},
								"up": {"uv": [13.25, 3], "uv_size": [-0.25, 0.25]},
								"down": {"uv": [13.25, 3.5], "uv_size": [-0.25, -0.25]}
							}
						},
						{
							"origin": [2.62, -0.02, -0.92],
							"size": [0.69, 0.98, 0.88],
							"uv": {
								"north": {"uv": [12.75, 12.75], "uv_size": [-0.25, 0.25]},
								"east": {"uv": [13.25, 0.5], "uv_size": [-0.25, 0.25]},
								"south": {"uv": [13, 12.75], "uv_size": [-0.25, 0.25]},
								"west": {"uv": [13, 12.5], "uv_size": [-0.25, 0.25]},
								"up": {"uv": [13.25, 0.75], "uv_size": [-0.25, 0.25]},
								"down": {"uv": [13.25, 1.25], "uv_size": [-0.25, -0.25]}
							}
						},
						{
							"origin": [1.5, 0, 0],
							"size": [3, 3, 3],
							"uv": {
								"north": {"uv": [3, 5.5], "uv_size": [-0.75, 1]},
								"east": {"uv": [3.5, 11], "uv_size": [-0.75, 1]},
								"south": {"uv": [2.75, 11], "uv_size": [-0.75, 1]},
								"west": {"uv": [8, 9], "uv_size": [-0.75, 1]},
								"up": {"uv": [12.25, 0], "uv_size": [-0.75, 0.75]},
								"down": {"uv": [1.5, 12.25], "uv_size": [-0.75, -0.75]}
							}
						}
					]
				}
			]
		}
	]
}