{
	"format_version": "1.12.0",
	"minecraft:geometry": [
		{
			"description": {
				"identifier": "geometry.unknown",
				"texture_width": 64,
				"texture_height": 64,
				"visible_bounds_width": 2,
				"visible_bounds_height": 2.5,
				"visible_bounds_offset": [0, 0.75, 0]
			},
			"bones": [
				{
					"name": "Root",
					"pivot": [0, 0, 0]
				},
				{
					"name": "MAllBody",
					"parent": "Root",
					"pivot": [0, 0, 0]
				},
				{
					"name": "AllBody",
					"parent": "MAllBody",
					"pivot": [0, 0, 0]
				},
				{
					"name": "UpBody",
					"parent": "AllBody",
					"pivot": [0, 8.75, 0]
				},
				{
					"name": "MUpperBody",
					"parent": "UpBody",
					"pivot": [0, 0, -0.5]
				},
				{
					"name": "UpperBody",
					"parent": "MUpperBody",
					"pivot": [0, 0, -0.5]
				},
				{
					"name": "AllHead",
					"parent": "UpperBody",
					"pivot": [0, 8.75, 0]
				},
				{
					"name": "MHead",
					"parent": "AllHead",
					"pivot": [0, 9.25, -0.25]
				},
				{
					"name": "Head",
					"parent": "MHead",
					"pivot": [0, 9, 0],
					"cubes": [
						{
							"origin": [-3.25, 11.75, -3],
							"size": [6, 1, 6.25],
							"uv": {
								"north": {"uv": [38, 37], "uv_size": [6.5, 1]},
								"east": {"uv": [38, 38], "uv_size": [6.5, 1]},
								"south": {"uv": [5, 39], "uv_size": [6.5, 1]},
								"west": {"uv": [39, 13], "uv_size": [6.5, 1]},
								"up": {"uv": [25, 0], "uv_size": [6.5, 6.5]},
								"down": {"uv": [25, 13.5], "uv_size": [6.5, -6.5]}
							}
						},
						{
							"origin": [-4.5, 11.5, -3.75],
							"size": [8.5, 0.5, 7.75],
							"uv": {
								"north": {"uv": [37, 7], "uv_size": [8, 1]},
								"east": {"uv": [37, 8], "uv_size": [8, 1]},
								"south": {"uv": [37, 9], "uv_size": [8, 1]},
								"west": {"uv": [37, 10], "uv_size": [8, 1]},
								"up": {"uv": [0, 9], "uv_size": [8, 8]},
								"down": {"uv": [8, 17], "uv_size": [8, -8]}
							}
						},
						{
							"origin": [-4.25, 5.5, -4.5],
							"size": [8, 6, 9],
							"uv": {
								"north": {"uv": [23, 16], "uv_size": [8, 6]},
								"east": {"uv": [7, 17], "uv_size": [9, 6]},
								"south": {"uv": [23, 22], "uv_size": [8, 6]},
								"west": {"uv": [7, 23], "uv_size": [9, 6]},
								"up": {"uv": [0, 0], "uv_size": [8, 9]},
								"down": {"uv": [8, 9], "uv_size": [8, -9]}
							}
						},
						{
							"origin": [-4.25, 5, -3.5],
							"size": [8.25, 0.75, 7.25],
							"uv": {
								"north": {"uv": [36, 27], "uv_size": [8.5, 1]},
								"east": {"uv": [37, 11], "uv_size": [7.5, 1]},
								"south": {"uv": [37, 6], "uv_size": [8.5, 1]},
								"west": {"uv": [37, 12], "uv_size": [7.5, 1]},
								"up": {"uv": [16, 0], "uv_size": [8.5, 7.5]},
								"down": {"uv": [16, 15.5], "uv_size": [8.5, -7.5]}
							}
						},
						{
							"origin": [-3.75, 5, -4.5],
							"size": [6.75, 0.5, 9],
							"uv": {
								"north": {"uv": [23, 38], "uv_size": [7, 1]},
								"east": {"uv": [36, 25], "uv_size": [9, 1]},
								"south": {"uv": [38, 36], "uv_size": [7, 1]},
								"west": {"uv": [36, 26], "uv_size": [9, 1]},
								"up": {"uv": [16, 16], "uv_size": [7, 9]},
								"down": {"uv": [0, 26], "uv_size": [7, -9]}
							}
						},
						{
							"origin": [-6, 7, -2],
							"size": [0.5, 3, 4],
							"uv": {
								"north": {"uv": [26, 42], "uv_size": [0.5, 3.5]},
								"east": {"uv": [35, 32], "uv_size": [4, 3.5]},
								"south": {"uv": [27, 42], "uv_size": [0.5, 3.5]},
								"west": {"uv": [13, 36], "uv_size": [4, 3.5]},
								"up": {"uv": [24, 41], "uv_size": [0.5, 4]},
								"down": {"uv": [25, 45], "uv_size": [0.5, -4]}
							}
						},
						{
							"origin": [-5.5, 6, -2.5],
							"size": [0.5, 5.25, 5],
							"uv": {
								"north": {"uv": [9, 40], "uv_size": [0.5, 5]},
								"east": {"uv": [0, 32], "uv_size": [5, 5]},
								"south": {"uv": [10, 40], "uv_size": [0.5, 5]},
								"west": {"uv": [32, 0], "uv_size": [5, 5]},
								"up": {"uv": [11, 40], "uv_size": [0.5, 5]},
								"down": {"uv": [13, 45], "uv_size": [0.5, -5]}
							}
						},
						{
							"origin": [4.925, 7, -2],
							"size": [0.6, 3.25, 4],
							"uv": {
								"north": {"uv": [20, 42], "uv_size": [0.5, 3.5]},
								"east": {"uv": [19, 35], "uv_size": [4, 3.5]},
								"south": {"uv": [21, 42], "uv_size": [0.5, 3.5]},
								"west": {"uv": [35, 28], "uv_size": [4, 3.5]},
								"up": {"uv": [16, 41], "uv_size": [0.5, 4]},
								"down": {"uv": [23, 45], "uv_size": [0.5, -4]}
							}
						},
						{
							"origin": [4.5, 6, -2.5],
							"size": [0.5, 5.25, 5],
							"uv": {
								"north": {"uv": [5, 40], "uv_size": [0.5, 5]},
								"east": {"uv": [31, 14], "uv_size": [5, 5]},
								"south": {"uv": [6, 40], "uv_size": [0.5, 5]},
								"west": {"uv": [31, 19], "uv_size": [5, 5]},
								"up": {"uv": [7, 40], "uv_size": [0.5, 5]},
								"down": {"uv": [8, 45], "uv_size": [0.5, -5]}
							}
						},
						{
							"origin": [-5, 5.5, -3.75],
							"size": [0.75, 6.3, 7.5],
							"uv": {
								"north": {"uv": [34, 37], "uv_size": [-1, 6]},
								"east": {"uv": [7, 26], "uv_size": [-7, 6]},
								"south": {"uv": [35, 37], "uv_size": [-1, 6]},
								"west": {"uv": [23, 25], "uv_size": [-7, 6]},
								"up": {"uv": [18, 36], "uv_size": [-1, 7]},
								"down": {"uv": [19, 43], "uv_size": [-1, -7]}
							}
						},
						{
							"origin": [3.75, 5.5, -3.75],
							"size": [0.75, 6.3, 7.5],
							"uv": {
								"north": {"uv": [33, 37], "uv_size": [1, 6]},
								"east": {"uv": [16, 25], "uv_size": [7, 6]},
								"south": {"uv": [34, 37], "uv_size": [1, 6]},
								"west": {"uv": [0, 26], "uv_size": [7, 6]},
								"up": {"uv": [17, 36], "uv_size": [1, 7]},
								"down": {"uv": [18, 43], "uv_size": [1, -7]}
							}
						}
					]
				},
				{
					"name": "LeftShoulderLocator",
					"parent": "Head",
					"pivot": [2, 12.75, -2.75]
				},
				{
					"name": "RightShoulderLocator",
					"parent": "Head",
					"pivot": [-2.75, 12.75, -2.75]
				},
				{
					"name": "LeftEar",
					"parent": "Head",
					"pivot": [2.75, 13, 0],
					"cubes": [
						{
							"origin": [1.97753, 13.45822, -0.875],
							"size": [1.75, 0.75, 1.75],
							"pivot": [2.85253, 14.83322, 0.25],
							"rotation": [0, 0, 10],
							"uv": {
								"north": {"uv": [41, 33], "uv_size": [2, 1]},
								"east": {"uv": [41, 34], "uv_size": [2, 1]},
								"south": {"uv": [41, 35], "uv_size": [2, 1]},
								"west": {"uv": [41, 39], "uv_size": [2, 1]},
								"up": {"uv": [40, 0], "uv_size": [2, 2]},
								"down": {"uv": [1, 42], "uv_size": [2, -2]}
							}
						},
						{
							"origin": [1.5973, 12.71962, -1.25],
							"size": [2.25, 0.75, 2.5],
							"pivot": [2.7223, 14.09462, 0.125],
							"rotation": [0, 0, 10],
							"uv": {
								"north": {"uv": [40, 4], "uv_size": [2.5, 1]},
								"east": {"uv": [40, 5], "uv_size": [2.5, 1]},
								"south": {"uv": [14, 40], "uv_size": [2.5, 1]},
								"west": {"uv": [30, 40], "uv_size": [2.5, 1]},
								"up": {"uv": [39, 17], "uv_size": [2.5, 2.5]},
								"down": {"uv": [19, 41.5], "uv_size": [2.5, -2.5]}
							}
						},
						{
							"origin": [1, 10.75, -1.5],
							"size": [2.75, 2, 3],
							"pivot": [2.375, 12.125, 0.125],
							"rotation": [0, 0, 10],
							"uv": {
								"north": {"uv": [23, 39], "uv_size": [3, 2]},
								"east": {"uv": [26, 39], "uv_size": [3, 2]},
								"south": {"uv": [39, 28], "uv_size": [3, 2]},
								"west": {"uv": [39, 30], "uv_size": [3, 2]},
								"up": {"uv": [37, 0], "uv_size": [3, 3]},
								"down": {"uv": [37, 6], "uv_size": [3, -3]}
							}
						},
						{
							"origin": [2.50777, 14.19683, -0.375],
							"size": [1, 0.425, 0.875],
							"pivot": [2.88277, 15.57183, 0.25],
							"rotation": [0, 0, 10],
							"uv": {
								"north": {"uv": [43, 31], "uv_size": [1, 0.5]},
								"east": {"uv": [43, 32], "uv_size": [1, 0.5]},
								"south": {"uv": [33, 43], "uv_size": [1, 0.5]},
								"west": {"uv": [43, 33], "uv_size": [1, 0.5]},
								"up": {"uv": [43, 23], "uv_size": [1, 1]},
								"down": {"uv": [43, 25], "uv_size": [1, -1]}
							}
						}
					]
				},
				{
					"name": "RightEar",
					"parent": "Head",
					"pivot": [-3.25, 13, 0],
					"cubes": [
						{
							"origin": [-4.22753, 13.45822, -0.875],
							"size": [1.75, 0.75, 1.75],
							"pivot": [-3.35253, 14.83322, 0.25],
							"rotation": [0, 0, -10],
							"uv": {
								"north": {"uv": [43, 33], "uv_size": [-2, 1]},
								"east": {"uv": [43, 39], "uv_size": [-2, 1]},
								"south": {"uv": [43, 35], "uv_size": [-2, 1]},
								"west": {"uv": [43, 34], "uv_size": [-2, 1]},
								"up": {"uv": [42, 0], "uv_size": [-2, 2]},
								"down": {"uv": [3, 42], "uv_size": [-2, -2]}
							}
						},
						{
							"origin": [-4.3473, 12.71962, -1.25],
							"size": [2.25, 0.75, 2.5],
							"pivot": [-3.2223, 14.09462, 0.125],
							"rotation": [0, 0, -10],
							"uv": {
								"north": {"uv": [42.5, 4], "uv_size": [-2.5, 1]},
								"east": {"uv": [32.5, 40], "uv_size": [-2.5, 1]},
								"south": {"uv": [16.5, 40], "uv_size": [-2.5, 1]},
								"west": {"uv": [42.5, 5], "uv_size": [-2.5, 1]},
								"up": {"uv": [41.5, 17], "uv_size": [-2.5, 2.5]},
								"down": {"uv": [21.5, 41.5], "uv_size": [-2.5, -2.5]}
							}
						},
						{
							"origin": [-4.25, 10.75, -1.5],
							"size": [2.75, 2, 3],
							"pivot": [-2.875, 12.125, 0.125],
							"rotation": [0, 0, -10],
							"uv": {
								"north": {"uv": [26, 39], "uv_size": [-3, 2]},
								"east": {"uv": [42, 30], "uv_size": [-3, 2]},
								"south": {"uv": [42, 28], "uv_size": [-3, 2]},
								"west": {"uv": [29, 39], "uv_size": [-3, 2]},
								"up": {"uv": [40, 0], "uv_size": [-3, 3]},
								"down": {"uv": [40, 6], "uv_size": [-3, -3]}
							}
						},
						{
							"origin": [-4.00777, 14.19683, -0.375],
							"size": [1, 0.425, 0.875],
							"pivot": [-3.38277, 15.57183, 0.25],
							"rotation": [0, 0, -10],
							"uv": {
								"north": {"uv": [44, 31], "uv_size": [-1, 0.5]},
								"east": {"uv": [44, 33], "uv_size": [-1, 0.5]},
								"south": {"uv": [34, 43], "uv_size": [-1, 0.5]},
								"west": {"uv": [44, 32], "uv_size": [-1, 0.5]},
								"up": {"uv": [44, 23], "uv_size": [-1, 1]},
								"down": {"uv": [44, 25], "uv_size": [-1, -1]}
							}
						}
					]
				},
				{
					"name": "Face",
					"parent": "Head",
					"pivot": [0, 8, -4.75]
				},
				{
					"name": "Eyes",
					"parent": "Face",
					"pivot": [0, 8.5, -4.75]
				},
				{
					"name": "Eyebrow",
					"parent": "Eyes",
					"pivot": [0, 8.5, -4.75]
				},
				{
					"name": "RightEyebrow",
					"parent": "Eyebrow",
					"pivot": [-2.25, 9.5, -4.5],
					"cubes": [
						{
							"origin": [-2.157, 9.485, -4.568],
							"size": [0.365, 0.245, 0.21],
							"pivot": [-1.937, 9.6075, -4.463],
							"rotation": [0, 0, -10],
							"uv": {
								"north": {"uv": [8, 32], "uv_size": [0.5, 0.5]},
								"east": {"uv": [9, 32], "uv_size": [0.5, 0.5]},
								"south": {"uv": [10, 32], "uv_size": [0.5, 0.5]},
								"west": {"uv": [11, 32], "uv_size": [0.5, 0.5]},
								"up": {"uv": [12, 32], "uv_size": [0.5, 0.5]},
								"down": {"uv": [13, 32.5], "uv_size": [0.5, -0.5]}
							}
						}
					]
				},
				{
					"name": "LeftEyebrow",
					"parent": "Eyebrow",
					"pivot": [1.5, 9.5, -4.5],
					"cubes": [
						{
							"origin": [1.292, 9.485, -4.568],
							"size": [0.365, 0.245, 0.21],
							"pivot": [1.437, 9.6075, -4.463],
							"rotation": [0, 0, 10],
							"uv": {
								"north": {"uv": [8.5, 32], "uv_size": [-0.5, 0.5]},
								"east": {"uv": [11.5, 32], "uv_size": [-0.5, 0.5]},
								"south": {"uv": [10.5, 32], "uv_size": [-0.5, 0.5]},
								"west": {"uv": [9.5, 32], "uv_size": [-0.5, 0.5]},
								"up": {"uv": [12.5, 32], "uv_size": [-0.5, 0.5]},
								"down": {"uv": [13.5, 32.5], "uv_size": [-0.5, -0.5]}
							}
						}
					]
				},
				{
					"name": "Eyelid",
					"parent": "Eyes",
					"pivot": [0, 0, -0.5]
				},
				{
					"name": "RightEyelid",
					"parent": "Eyelid",
					"pivot": [-2.25, 8.25, -4.5],
					"cubes": [
						{
							"origin": [-2.977, 7.72, -4.568],
							"size": [0.21, 0.63, 0.063],
							"uv": {
								"north": {"uv": [10, 33], "uv_size": [0.5, 0.5]},
								"east": {"uv": [11, 33], "uv_size": [0.5, 0.5]},
								"south": {"uv": [12, 33], "uv_size": [0.5, 0.5]},
								"west": {"uv": [13, 33], "uv_size": [0.5, 0.5]},
								"up": {"uv": [23, 33], "uv_size": [0.5, 0.5]},
								"down": {"uv": [24, 33.5], "uv_size": [0.5, -0.5]}
							}
						},
						{
							"origin": [-2.767, 7.51, -4.568],
							"size": [0.21, 1.26, 0.063],
							"uv": {
								"north": {"uv": [9, 29], "uv_size": [0.5, 1.5]},
								"east": {"uv": [10, 29], "uv_size": [0.5, 1.5]},
								"south": {"uv": [11, 29], "uv_size": [0.5, 1.5]},
								"west": {"uv": [12, 29], "uv_size": [0.5, 1.5]},
								"up": {"uv": [8, 33], "uv_size": [0.5, 0.5]},
								"down": {"uv": [9, 33.5], "uv_size": [0.5, -0.5]}
							}
						},
						{
							"origin": [-1.507, 7.72, -4.568],
							"size": [0.21, 0.63, 0.063],
							"uv": {
								"north": {"uv": [25, 32], "uv_size": [0.5, 0.5]},
								"east": {"uv": [26, 32], "uv_size": [0.5, 0.5]},
								"south": {"uv": [27, 32], "uv_size": [0.5, 0.5]},
								"west": {"uv": [28, 32], "uv_size": [0.5, 0.5]},
								"up": {"uv": [29, 32], "uv_size": [0.5, 0.5]},
								"down": {"uv": [7, 33.5], "uv_size": [0.5, -0.5]}
							}
						},
						{
							"origin": [-1.717, 7.51, -4.568],
							"size": [0.21, 1.26, 0.063],
							"uv": {
								"north": {"uv": [27, 28], "uv_size": [0.5, 1.5]},
								"east": {"uv": [28, 28], "uv_size": [0.5, 1.5]},
								"south": {"uv": [7, 29], "uv_size": [0.5, 1.5]},
								"west": {"uv": [8, 29], "uv_size": [0.5, 1.5]},
								"up": {"uv": [23, 32], "uv_size": [0.5, 0.5]},
								"down": {"uv": [24, 32.5], "uv_size": [0.5, -0.5]}
							}
						},
						{
							"origin": [-2.51171, 7.78303, -4.643],
							"size": [0.24, 0.195, 0.085],
							"pivot": [-2.56671, 7.88053, -4.6005],
							"rotation": [0, 0, 15],
							"uv": {
								"north": {"uv": [25, 31], "uv_size": [0.5, 0.5]},
								"east": {"uv": [26, 31], "uv_size": [0.5, 0.5]},
								"south": {"uv": [27, 31], "uv_size": [0.5, 0.5]},
								"west": {"uv": [28, 31], "uv_size": [0.5, 0.5]},
								"up": {"uv": [29, 31], "uv_size": [0.5, 0.5]},
								"down": {"uv": [7, 32.5], "uv_size": [0.5, -0.5]}
							}
						},
						{
							"origin": [-1.95229, 7.78303, -4.643],
							"size": [0.24, 0.195, 0.085],
							"pivot": [-1.65729, 7.88053, -4.6005],
							"rotation": [0, 0, -15],
							"uv": {
								"north": {"uv": [10, 31], "uv_size": [0.5, 0.5]},
								"east": {"uv": [11, 31], "uv_size": [0.5, 0.5]},
								"south": {"uv": [12, 31], "uv_size": [0.5, 0.5]},
								"west": {"uv": [13, 31], "uv_size": [0.5, 0.5]},
								"up": {"uv": [23, 31], "uv_size": [0.5, 0.5]},
								"down": {"uv": [24, 31.5], "uv_size": [0.5, -0.5]}
							}
						},
						{
							"origin": [-2.307, 7.71, -4.643],
							"size": [0.39, 0.195, 0.085],
							"uv": {
								"north": {"uv": [27, 30], "uv_size": [0.5, 0.5]},
								"east": {"uv": [28, 30], "uv_size": [0.5, 0.5]},
								"south": {"uv": [29, 30], "uv_size": [0.5, 0.5]},
								"west": {"uv": [7, 31], "uv_size": [0.5, 0.5]},
								"up": {"uv": [8, 31], "uv_size": [0.5, 0.5]},
								"down": {"uv": [9, 31.5], "uv_size": [0.5, -0.5]}
							}
						},
						{
							"origin": [-2.507, 8.085, -4.643],
							"size": [0.74, 0.645, 0.085],
							"uv": {
								"north": {"uv": [29, 29], "uv_size": [0.5, 0.5]},
								"east": {"uv": [13, 30], "uv_size": [0.5, 0.5]},
								"south": {"uv": [23, 30], "uv_size": [0.5, 0.5]},
								"west": {"uv": [24, 30], "uv_size": [0.5, 0.5]},
								"up": {"uv": [25, 30], "uv_size": [0.5, 0.5]},
								"down": {"uv": [26, 30.5], "uv_size": [0.5, -0.5]}
							}
						},
						{
							"origin": [-2.557, 7.51, -4.568],
							"size": [0.84, 1.47, 0.085],
							"uv": {
								"north": {"uv": [23, 28], "uv_size": [1, 1.5]},
								"east": {"uv": [25, 28], "uv_size": [0.5, 1.5]},
								"south": {"uv": [24, 28], "uv_size": [1, 1.5]},
								"west": {"uv": [26, 28], "uv_size": [0.5, 1.5]},
								"up": {"uv": [13, 29], "uv_size": [1, 0.5]},
								"down": {"uv": [29, 28.5], "uv_size": [1, -0.5]}
							}
						}
					]
				},
				{
					"name": "LeftEyelid",
					"parent": "Eyelid",
					"pivot": [1.5, 8.25, -4.5],
					"cubes": [
						{
							"origin": [2.267, 7.72, -4.568],
							"size": [0.21, 0.63, 0.063],
							"uv": {
								"north": {"uv": [10.5, 33], "uv_size": [-0.5, 0.5]},
								"east": {"uv": [13.5, 33], "uv_size": [-0.5, 0.5]},
								"south": {"uv": [12.5, 33], "uv_size": [-0.5, 0.5]},
								"west": {"uv": [11.5, 33], "uv_size": [-0.5, 0.5]},
								"up": {"uv": [23.5, 33], "uv_size": [-0.5, 0.5]},
								"down": {"uv": [24.5, 33.5], "uv_size": [-0.5, -0.5]}
							}
						},
						{
							"origin": [2.057, 7.51, -4.568],
							"size": [0.21, 1.26, 0.063],
							"uv": {
								"north": {"uv": [9.5, 29], "uv_size": [-0.5, 1.5]},
								"east": {"uv": [12.5, 29], "uv_size": [-0.5, 1.5]},
								"south": {"uv": [11.5, 29], "uv_size": [-0.5, 1.5]},
								"west": {"uv": [10.5, 29], "uv_size": [-0.5, 1.5]},
								"up": {"uv": [8.5, 33], "uv_size": [-0.5, 0.5]},
								"down": {"uv": [9.5, 33.5], "uv_size": [-0.5, -0.5]}
							}
						},
						{
							"origin": [0.797, 7.72, -4.568],
							"size": [0.21, 0.63, 0.063],
							"uv": {
								"north": {"uv": [25.5, 32], "uv_size": [-0.5, 0.5]},
								"east": {"uv": [28.5, 32], "uv_size": [-0.5, 0.5]},
								"south": {"uv": [27.5, 32], "uv_size": [-0.5, 0.5]},
								"west": {"uv": [26.5, 32], "uv_size": [-0.5, 0.5]},
								"up": {"uv": [29.5, 32], "uv_size": [-0.5, 0.5]},
								"down": {"uv": [7.5, 33.5], "uv_size": [-0.5, -0.5]}
							}
						},
						{
							"origin": [1.007, 7.51, -4.568],
							"size": [0.21, 1.26, 0.063],
							"uv": {
								"north": {"uv": [27.5, 28], "uv_size": [-0.5, 1.5]},
								"east": {"uv": [8.5, 29], "uv_size": [-0.5, 1.5]},
								"south": {"uv": [7.5, 29], "uv_size": [-0.5, 1.5]},
								"west": {"uv": [28.5, 28], "uv_size": [-0.5, 1.5]},
								"up": {"uv": [23.5, 32], "uv_size": [-0.5, 0.5]},
								"down": {"uv": [24.5, 32.5], "uv_size": [-0.5, -0.5]}
							}
						},
						{
							"origin": [1.77171, 7.78303, -4.643],
							"size": [0.24, 0.195, 0.085],
							"pivot": [2.06671, 7.88053, -4.6005],
							"rotation": [0, 0, -15],
							"uv": {
								"north": {"uv": [25.5, 31], "uv_size": [-0.5, 0.5]},
								"east": {"uv": [28.5, 31], "uv_size": [-0.5, 0.5]},
								"south": {"uv": [27.5, 31], "uv_size": [-0.5, 0.5]},
								"west": {"uv": [26.5, 31], "uv_size": [-0.5, 0.5]},
								"up": {"uv": [29.5, 31], "uv_size": [-0.5, 0.5]},
								"down": {"uv": [7.5, 32.5], "uv_size": [-0.5, -0.5]}
							}
						},
						{
							"origin": [1.21229, 7.78303, -4.643],
							"size": [0.24, 0.195, 0.085],
							"pivot": [1.15729, 7.88053, -4.6005],
							"rotation": [0, 0, 15],
							"uv": {
								"north": {"uv": [10.5, 31], "uv_size": [-0.5, 0.5]},
								"east": {"uv": [13.5, 31], "uv_size": [-0.5, 0.5]},
								"south": {"uv": [12.5, 31], "uv_size": [-0.5, 0.5]},
								"west": {"uv": [11.5, 31], "uv_size": [-0.5, 0.5]},
								"up": {"uv": [23.5, 31], "uv_size": [-0.5, 0.5]},
								"down": {"uv": [24.5, 31.5], "uv_size": [-0.5, -0.5]}
							}
						},
						{
							"origin": [1.417, 7.71, -4.643],
							"size": [0.39, 0.195, 0.085],
							"uv": {
								"north": {"uv": [27.5, 30], "uv_size": [-0.5, 0.5]},
								"east": {"uv": [7.5, 31], "uv_size": [-0.5, 0.5]},
								"south": {"uv": [29.5, 30], "uv_size": [-0.5, 0.5]},
								"west": {"uv": [28.5, 30], "uv_size": [-0.5, 0.5]},
								"up": {"uv": [8.5, 31], "uv_size": [-0.5, 0.5]},
								"down": {"uv": [9.5, 31.5], "uv_size": [-0.5, -0.5]}
							}
						},
						{
							"origin": [1.267, 8.085, -4.643],
							"size": [0.74, 0.645, 0.085],
							"uv": {
								"north": {"uv": [29.5, 29], "uv_size": [-0.5, 0.5]},
								"east": {"uv": [24.5, 30], "uv_size": [-0.5, 0.5]},
								"south": {"uv": [23.5, 30], "uv_size": [-0.5, 0.5]},
								"west": {"uv": [13.5, 30], "uv_size": [-0.5, 0.5]},
								"up": {"uv": [25.5, 30], "uv_size": [-0.5, 0.5]},
								"down": {"uv": [26.5, 30.5], "uv_size": [-0.5, -0.5]}
							}
						},
						{
							"origin": [1.217, 7.51, -4.568],
							"size": [0.84, 1.47, 0.085],
							"uv": {
								"north": {"uv": [24, 28], "uv_size": [-1, 1.5]},
								"east": {"uv": [26.5, 28], "uv_size": [-0.5, 1.5]},
								"south": {"uv": [25, 28], "uv_size": [-1, 1.5]},
								"west": {"uv": [25.5, 28], "uv_size": [-0.5, 1.5]},
								"up": {"uv": [14, 29], "uv_size": [-1, 0.5]},
								"down": {"uv": [30, 28.5], "uv_size": [-1, -0.5]}
							}
						}
					]
				},
				{
					"name": "Mouth",
					"parent": "Face",
					"pivot": [0, 7.25, -4.75],
					"cubes": [
						{
							"origin": [0.06741, 6.59839, -4.568],
							"size": [0.215, 0.42, 0.085],
							"pivot": [0.17491, 6.78339, -4.5255],
							"rotation": [0, 0, -90],
							"uv": {
								"north": {"uv": [10, 46], "uv_size": [0.5, 0.5]},
								"east": {"uv": [46, 10], "uv_size": [0.5, 0.5]},
								"south": {"uv": [11, 46], "uv_size": [0.5, 0.5]},
								"west": {"uv": [46, 11], "uv_size": [0.5, 0.5]},
								"up": {"uv": [12, 46], "uv_size": [0.5, 0.5]},
								"down": {"uv": [46, 12.5], "uv_size": [0.5, -0.5]}
							}
						},
						{
							"origin": [-0.358, 6.635, -4.568],
							"size": [0.215, 0.47, 0.085],
							"pivot": [-0.2505, 6.9575, -4.5255],
							"rotation": [0, 0, -52.5],
							"uv": {
								"north": {"uv": [7, 46], "uv_size": [0.5, 0.5]},
								"east": {"uv": [46, 7], "uv_size": [0.5, 0.5]},
								"south": {"uv": [8, 46], "uv_size": [0.5, 0.5]},
								"west": {"uv": [46, 8], "uv_size": [0.5, 0.5]},
								"up": {"uv": [9, 46], "uv_size": [0.5, 0.5]},
								"down": {"uv": [46, 9.5], "uv_size": [0.5, -0.5]}
							}
						},
						{
							"origin": [0.28481, 6.69957, -4.568],
							"size": [0.215, 0.42, 0.085],
							"pivot": [0.39231, 6.90957, -4.5255],
							"rotation": [0, 0, -145],
							"uv": {
								"north": {"uv": [3, 46], "uv_size": [0.5, 0.5]},
								"east": {"uv": [4, 46], "uv_size": [0.5, 0.5]},
								"south": {"uv": [5, 46], "uv_size": [0.5, 0.5]},
								"west": {"uv": [46, 5], "uv_size": [0.5, 0.5]},
								"up": {"uv": [6, 46], "uv_size": [0.5, 0.5]},
								"down": {"uv": [46, 6.5], "uv_size": [0.5, -0.5]}
							}
						},
						{
							"origin": [-1.17481, 6.69957, -4.568],
							"size": [0.215, 0.42, 0.085],
							"pivot": [-1.06731, 6.90957, -4.5255],
							"rotation": [0, 0, 145],
							"uv": {
								"north": {"uv": [43, 45], "uv_size": [0.5, 0.5]},
								"east": {"uv": [44, 45], "uv_size": [0.5, 0.5]},
								"south": {"uv": [45, 45], "uv_size": [0.5, 0.5]},
								"west": {"uv": [0, 46], "uv_size": [0.5, 0.5]},
								"up": {"uv": [1, 46], "uv_size": [0.5, 0.5]},
								"down": {"uv": [2, 46.5], "uv_size": [0.5, -0.5]}
							}
						},
						{
							"origin": [-0.95741, 6.59839, -4.568],
							"size": [0.215, 0.42, 0.085],
							"pivot": [-0.84991, 6.78339, -4.5255],
							"rotation": [0, 0, 90],
							"uv": {
								"north": {"uv": [45, 39], "uv_size": [0.5, 0.5]},
								"east": {"uv": [40, 45], "uv_size": [0.5, 0.5]},
								"south": {"uv": [45, 40], "uv_size": [0.5, 0.5]},
								"west": {"uv": [41, 45], "uv_size": [0.5, 0.5]},
								"up": {"uv": [45, 41], "uv_size": [0.5, 0.5]},
								"down": {"uv": [42, 45.5], "uv_size": [0.5, -0.5]}
							}
						},
						{
							"origin": [-0.532, 6.635, -4.568],
							"size": [0.215, 0.47, 0.085],
							"pivot": [-0.4245, 6.9575, -4.5255],
							"rotation": [0, 0, 52.5],
							"uv": {
								"north": {"uv": [35, 45], "uv_size": [0.5, 0.5]},
								"east": {"uv": [36, 45], "uv_size": [0.5, 0.5]},
								"south": {"uv": [45, 36], "uv_size": [0.5, 0.5]},
								"west": {"uv": [45, 37], "uv_size": [0.5, 0.5]},
								"up": {"uv": [45, 38], "uv_size": [0.5, 0.5]},
								"down": {"uv": [39, 45.5], "uv_size": [0.5, -0.5]}
							}
						},
						{
							"origin": [-0.432, 6.885, -4.568],
							"size": [0.215, 0.395, 0.085],
							"uv": {
								"north": {"uv": [45, 31], "uv_size": [0.5, 0.5]},
								"east": {"uv": [32, 45], "uv_size": [0.5, 0.5]},
								"south": {"uv": [45, 32], "uv_size": [0.5, 0.5]},
								"west": {"uv": [33, 45], "uv_size": [0.5, 0.5]},
								"up": {"uv": [45, 33], "uv_size": [0.5, 0.5]},
								"down": {"uv": [34, 45.5], "uv_size": [0.5, -0.5]}
							}
						}
					]
				},
				{
					"name": "Rouge",
					"parent": "Face",
					"pivot": [0, 6.75, -4.75]
				},
				{
					"name": "LeftRouge",
					"parent": "Rouge",
					"pivot": [3.04, 6.75, -4.625],
					"cubes": [
						{
							"origin": [1.367, 6.26, -4.568],
							"size": [0.315, 0.795, 0.085],
							"uv": {
								"north": {"uv": [45.5, 7], "uv_size": [-0.5, 1]},
								"east": {"uv": [9.5, 45], "uv_size": [-0.5, 1]},
								"south": {"uv": [45.5, 8], "uv_size": [-0.5, 1]},
								"west": {"uv": [8.5, 45], "uv_size": [-0.5, 1]},
								"up": {"uv": [16.5, 45], "uv_size": [-0.5, 0.5]},
								"down": {"uv": [45.5, 16.5], "uv_size": [-0.5, -0.5]}
							}
						},
						{
							"origin": [1.667, 6.16, -4.568],
							"size": [1.64, 1.17, 0.085],
							"uv": {
								"north": {"uv": [45.5, 42], "uv_size": [-1.5, 1]},
								"east": {"uv": [10.5, 45], "uv_size": [-0.5, 1]},
								"south": {"uv": [45.5, 43], "uv_size": [-1.5, 1]},
								"west": {"uv": [45.5, 9], "uv_size": [-0.5, 1]},
								"up": {"uv": [45.5, 44], "uv_size": [-1.5, 0.5]},
								"down": {"uv": [46.5, 0.5], "uv_size": [-1.5, -0.5]}
							}
						},
						{
							"origin": [2.967, 6.135, -4.618],
							"size": [0.19, 0.895, 0.06],
							"uv": {
								"north": {"uv": [5.5, 45], "uv_size": [-0.5, 1]},
								"east": {"uv": [7.5, 45], "uv_size": [-0.5, 1]},
								"south": {"uv": [6.5, 45], "uv_size": [-0.5, 1]},
								"west": {"uv": [45.5, 5], "uv_size": [-0.5, 1]},
								"up": {"uv": [15.5, 45], "uv_size": [-0.5, 0.5]},
								"down": {"uv": [45.5, 15.5], "uv_size": [-0.5, -0.5]}
							}
						},
						{
							"origin": [2.592, 6.26, -4.618],
							"size": [0.19, 0.77, 0.06],
							"uv": {
								"north": {"uv": [45.5, 10], "uv_size": [-0.5, 1]},
								"east": {"uv": [12.5, 45], "uv_size": [-0.5, 1]},
								"south": {"uv": [45.5, 11], "uv_size": [-0.5, 1]},
								"west": {"uv": [11.5, 45], "uv_size": [-0.5, 1]},
								"up": {"uv": [17.5, 45], "uv_size": [-0.5, 0.5]},
								"down": {"uv": [45.5, 17.5], "uv_size": [-0.5, -0.5]}
							}
						},
						{
							"origin": [2.142, 6.26, -4.618],
							"size": [0.19, 0.77, 0.06],
							"uv": {
								"north": {"uv": [45.5, 12], "uv_size": [-0.5, 1]},
								"east": {"uv": [45.5, 14], "uv_size": [-0.5, 1]},
								"south": {"uv": [14.5, 45], "uv_size": [-0.5, 1]},
								"west": {"uv": [13.5, 45], "uv_size": [-0.5, 1]},
								"up": {"uv": [18.5, 45], "uv_size": [-0.5, 0.5]},
								"down": {"uv": [45.5, 18.5], "uv_size": [-0.5, -0.5]}
							}
						},
						{
							"origin": [1.742, 6.385, -4.618],
							"size": [0.19, 0.57, 0.06],
							"uv": {
								"north": {"uv": [45.5, 19], "uv_size": [-0.5, 0.5]},
								"east": {"uv": [22.5, 45], "uv_size": [-0.5, 0.5]},
								"south": {"uv": [45.5, 21], "uv_size": [-0.5, 0.5]},
								"west": {"uv": [45.5, 20], "uv_size": [-0.5, 0.5]},
								"up": {"uv": [45.5, 22], "uv_size": [-0.5, 0.5]},
								"down": {"uv": [23.5, 45.5], "uv_size": [-0.5, -0.5]}
							}
						},
						{
							"origin": [1.842, 5.86, -4.568],
							"size": [1.69, 0.42, 0.085],
							"uv": {
								"north": {"uv": [46.5, 1], "uv_size": [-1.5, 0.5]},
								"east": {"uv": [24.5, 45], "uv_size": [-0.5, 0.5]},
								"south": {"uv": [46.5, 2], "uv_size": [-1.5, 0.5]},
								"west": {"uv": [45.5, 23], "uv_size": [-0.5, 0.5]},
								"up": {"uv": [46.5, 3], "uv_size": [-1.5, 0.5]},
								"down": {"uv": [46.5, 4.5], "uv_size": [-1.5, -0.5]}
							}
						},
						{
							"origin": [3.267, 6.26, -4.568],
							"size": [0.49, 0.745, 0.085],
							"uv": {
								"north": {"uv": [45.5, 24], "uv_size": [-0.5, 0.5]},
								"east": {"uv": [45.5, 26], "uv_size": [-0.5, 0.5]},
								"south": {"uv": [45.5, 25], "uv_size": [-0.5, 0.5]},
								"west": {"uv": [25.5, 45], "uv_size": [-0.5, 0.5]},
								"up": {"uv": [45.5, 27], "uv_size": [-0.5, 0.5]},
								"down": {"uv": [28.5, 45.5], "uv_size": [-0.5, -0.5]}
							}
						}
					]
				},
				{
					"name": "RightRouge",
					"parent": "Rouge",
					"pivot": [-2.54, 6.5, -4.375],
					"cubes": [
						{
							"origin": [-2.182, 6.26, -4.568],
							"size": [0.315, 0.795, 0.085],
							"uv": {
								"north": {"uv": [45, 7], "uv_size": [0.5, 1]},
								"east": {"uv": [8, 45], "uv_size": [0.5, 1]},
								"south": {"uv": [45, 8], "uv_size": [0.5, 1]},
								"west": {"uv": [9, 45], "uv_size": [0.5, 1]},
								"up": {"uv": [16, 45], "uv_size": [0.5, 0.5]},
								"down": {"uv": [45, 16.5], "uv_size": [0.5, -0.5]}
							}
						},
						{
							"origin": [-3.807, 6.16, -4.568],
							"size": [1.64, 1.17, 0.085],
							"uv": {
								"north": {"uv": [44, 42], "uv_size": [1.5, 1]},
								"east": {"uv": [45, 9], "uv_size": [0.5, 1]},
								"south": {"uv": [44, 43], "uv_size": [1.5, 1]},
								"west": {"uv": [10, 45], "uv_size": [0.5, 1]},
								"up": {"uv": [44, 44], "uv_size": [1.5, 0.5]},
								"down": {"uv": [45, 0.5], "uv_size": [1.5, -0.5]}
							}
						},
						{
							"origin": [-3.657, 6.135, -4.618],
							"size": [0.19, 0.895, 0.06],
							"uv": {
								"north": {"uv": [5, 45], "uv_size": [0.5, 1]},
								"east": {"uv": [45, 5], "uv_size": [0.5, 1]},
								"south": {"uv": [6, 45], "uv_size": [0.5, 1]},
								"west": {"uv": [7, 45], "uv_size": [0.5, 1]},
								"up": {"uv": [15, 45], "uv_size": [0.5, 0.5]},
								"down": {"uv": [45, 15.5], "uv_size": [0.5, -0.5]}
							}
						},
						{
							"origin": [-3.282, 6.26, -4.618],
							"size": [0.19, 0.77, 0.06],
							"uv": {
								"north": {"uv": [45, 10], "uv_size": [0.5, 1]},
								"east": {"uv": [11, 45], "uv_size": [0.5, 1]},
								"south": {"uv": [45, 11], "uv_size": [0.5, 1]},
								"west": {"uv": [12, 45], "uv_size": [0.5, 1]},
								"up": {"uv": [17, 45], "uv_size": [0.5, 0.5]},
								"down": {"uv": [45, 17.5], "uv_size": [0.5, -0.5]}
							}
						},
						{
							"origin": [-2.832, 6.26, -4.618],
							"size": [0.19, 0.77, 0.06],
							"uv": {
								"north": {"uv": [45, 12], "uv_size": [0.5, 1]},
								"east": {"uv": [13, 45], "uv_size": [0.5, 1]},
								"south": {"uv": [14, 45], "uv_size": [0.5, 1]},
								"west": {"uv": [45, 14], "uv_size": [0.5, 1]},
								"up": {"uv": [18, 45], "uv_size": [0.5, 0.5]},
								"down": {"uv": [45, 18.5], "uv_size": [0.5, -0.5]}
							}
						},
						{
							"origin": [-2.432, 6.385, -4.618],
							"size": [0.19, 0.57, 0.06],
							"uv": {
								"north": {"uv": [45, 19], "uv_size": [0.5, 0.5]},
								"east": {"uv": [45, 20], "uv_size": [0.5, 0.5]},
								"south": {"uv": [45, 21], "uv_size": [0.5, 0.5]},
								"west": {"uv": [22, 45], "uv_size": [0.5, 0.5]},
								"up": {"uv": [45, 22], "uv_size": [0.5, 0.5]},
								"down": {"uv": [23, 45.5], "uv_size": [0.5, -0.5]}
							}
						},
						{
							"origin": [-4.032, 5.86, -4.568],
							"size": [1.69, 0.42, 0.085],
							"uv": {
								"north": {"uv": [45, 1], "uv_size": [1.5, 0.5]},
								"east": {"uv": [45, 23], "uv_size": [0.5, 0.5]},
								"south": {"uv": [45, 2], "uv_size": [1.5, 0.5]},
								"west": {"uv": [24, 45], "uv_size": [0.5, 0.5]},
								"up": {"uv": [45, 3], "uv_size": [1.5, 0.5]},
								"down": {"uv": [45, 4.5], "uv_size": [1.5, -0.5]}
							}
						},
						{
							"origin": [-4.257, 6.26, -4.568],
							"size": [0.49, 0.745, 0.085],
							"uv": {
								"north": {"uv": [45, 24], "uv_size": [0.5, 0.5]},
								"east": {"uv": [25, 45], "uv_size": [0.5, 0.5]},
								"south": {"uv": [45, 25], "uv_size": [0.5, 0.5]},
								"west": {"uv": [45, 26], "uv_size": [0.5, 0.5]},
								"up": {"uv": [45, 27], "uv_size": [0.5, 0.5]},
								"down": {"uv": [28, 45.5], "uv_size": [0.5, -0.5]}
							}
						}
					]
				},
				{
					"name": "Arm",
					"parent": "UpperBody",
					"pivot": [-0.25, 5, -0.5]
				},
				{
					"name": "RightArm",
					"parent": "Arm",
					"pivot": [-3.5, 4.75, 0],
					"cubes": [
						{
							"origin": [-4, 2.75, -0.5],
							"size": [1, 3.75, 1],
							"pivot": [-3.5, 4.875, 0],
							"rotation": [0, 0, 35],
							"uv": {
								"north": {"uv": [37, 39], "uv_size": [1, 4]},
								"east": {"uv": [38, 39], "uv_size": [1, 4]},
								"south": {"uv": [39, 39], "uv_size": [1, 4]},
								"west": {"uv": [0, 40], "uv_size": [1, 4]},
								"up": {"uv": [43, 19], "uv_size": [1, 1]},
								"down": {"uv": [43, 21], "uv_size": [1, -1]}
							}
						}
					]
				},
				{
					"name": "RightHandLocator",
					"parent": "RightArm",
					"pivot": [-5, 3.25, 0]
				},
				{
					"name": "LeftArm",
					"parent": "Arm",
					"pivot": [3.25, 4.75, 0],
					"cubes": [
						{
							"origin": [2.5, 2.75, -0.5],
							"size": [1, 3.75, 1],
							"pivot": [3, 4.875, 0],
							"rotation": [0, 0, -35],
							"uv": {
								"north": {"uv": [29, 39], "uv_size": [1, 4]},
								"east": {"uv": [39, 32], "uv_size": [1, 4]},
								"south": {"uv": [35, 39], "uv_size": [1, 4]},
								"west": {"uv": [36, 39], "uv_size": [1, 4]},
								"up": {"uv": [18, 43], "uv_size": [1, 1]},
								"down": {"uv": [43, 19], "uv_size": [1, -1]}
							}
						}
					]
				},
				{
					"name": "LeftHandLocator",
					"parent": "LeftArm",
					"pivot": [4.25, 3.25, 0]
				},
				{
					"name": "ElytraLocator",
					"parent": "UpperBody",
					"pivot": [-0.5, 5, 2.5]
				},
				{
					"name": "DownBody",
					"parent": "AllBody",
					"pivot": [0, 3, 0]
				},
				{
					"name": "Body",
					"parent": "DownBody",
					"pivot": [0, 3.5, 0],
					"cubes": [
						{
							"origin": [-2.75, 1.25, -2.5],
							"size": [5, 4, 5],
							"uv": {
								"north": {"uv": [31, 24], "uv_size": [5, 4]},
								"east": {"uv": [32, 5], "uv_size": [5, 4]},
								"south": {"uv": [32, 9], "uv_size": [5, 4]},
								"west": {"uv": [30, 33], "uv_size": [5, 4]},
								"up": {"uv": [30, 28], "uv_size": [5, 5]},
								"down": {"uv": [14, 36], "uv_size": [5, -5]}
							}
						},
						{
							"origin": [2.25, 1.5, -1.75],
							"size": [0.5, 3.75, 3.5],
							"uv": {
								"north": {"uv": [40, 32], "uv_size": [0.5, 4]},
								"east": {"uv": [19, 31], "uv_size": [3.5, 4]},
								"south": {"uv": [40, 39], "uv_size": [0.5, 4]},
								"west": {"uv": [23, 34], "uv_size": [3.5, 4]},
								"up": {"uv": [28, 41], "uv_size": [0.5, 3.5]},
								"down": {"uv": [32, 44.5], "uv_size": [0.5, -3.5]}
							}
						},
						{
							"origin": [2.75, 2, -1.5],
							"size": [0.5, 3.25, 3],
							"uv": {
								"north": {"uv": [41, 40], "uv_size": [0.5, 3.5]},
								"east": {"uv": [27, 34], "uv_size": [3, 3.5]},
								"south": {"uv": [1, 42], "uv_size": [0.5, 3.5]},
								"west": {"uv": [36, 13], "uv_size": [3, 3.5]},
								"up": {"uv": [42, 22], "uv_size": [0.5, 3]},
								"down": {"uv": [42, 31], "uv_size": [0.5, -3]}
							}
						},
						{
							"origin": [-3.25, 1.5, -1.75],
							"size": [0.5, 3.75, 3.5],
							"uv": {
								"north": {"uv": [14, 41], "uv_size": [0.5, 4]},
								"east": {"uv": [5, 35], "uv_size": [3.5, 4]},
								"south": {"uv": [15, 41], "uv_size": [0.5, 4]},
								"west": {"uv": [9, 35], "uv_size": [3.5, 4]},
								"up": {"uv": [2, 42], "uv_size": [0.5, 3.5]},
								"down": {"uv": [42, 17.5], "uv_size": [0.5, -3.5]}
							}
						},
						{
							"origin": [-3.75, 2, -1.5],
							"size": [0.5, 3.25, 3],
							"uv": {
								"north": {"uv": [42, 18], "uv_size": [0.5, 3.5]},
								"east": {"uv": [36, 17], "uv_size": [3, 3.5]},
								"south": {"uv": [19, 42], "uv_size": [0.5, 3.5]},
								"west": {"uv": [36, 21], "uv_size": [3, 3.5]},
								"up": {"uv": [30, 42], "uv_size": [0.5, 3]},
								"down": {"uv": [31, 45], "uv_size": [0.5, -3]}
							}
						}
					]
				},
				{
					"name": "tail",
					"parent": "Body",
					"pivot": [-0.5, 2.5, 2.25],
					"cubes": [
						{
							"origin": [-1.175, 1.34384, 3.90374],
							"size": [1.375, 1.35, 2.575],
							"pivot": [-0.4875, 2.75, 2.4625],
							"rotation": [32.5, 0, 0],
							"uv": {
								"north": {"uv": [19, 46], "uv_size": [1.5, 1.5]},
								"east": {"uv": [45, 28], "uv_size": [2.5, 1.5]},
								"south": {"uv": [46, 19], "uv_size": [1.5, 1.5]},
								"west": {"uv": [29, 45], "uv_size": [2.5, 1.5]},
								"up": {"uv": [13, 46], "uv_size": [1.5, 2.5]},
								"down": {"uv": [46, 15.5], "uv_size": [1.5, -2.5]}
							}
						},
						{
							"origin": [-1.05, 1.85, 1.5],
							"size": [1.2, 1.125, 2.925],
							"pivot": [-0.4875, 2.75, 2.4625],
							"rotation": [17.5, 0, 0],
							"uv": {
								"north": {"uv": [21, 46], "uv_size": [1, 1]},
								"east": {"uv": [45, 30], "uv_size": [3, 1]},
								"south": {"uv": [46, 21], "uv_size": [1, 1]},
								"west": {"uv": [15, 46], "uv_size": [3, 1]},
								"up": {"uv": [46, 16], "uv_size": [1, 3]},
								"down": {"uv": [18, 49], "uv_size": [1, -3]}
							}
						}
					]
				},
				{
					"name": "RightLeg",
					"parent": "DownBody",
					"pivot": [-1.75, 1.25, 0],
					"cubes": [
						{
							"origin": [-2.25, 0, -0.5],
							"size": [1, 1.25, 1],
							"uv": {
								"north": {"uv": [42, 0], "uv_size": [1, 1.5]},
								"east": {"uv": [42, 40], "uv_size": [1, 1.5]},
								"south": {"uv": [42, 42], "uv_size": [1, 1.5]},
								"west": {"uv": [43, 0], "uv_size": [1, 1.5]},
								"up": {"uv": [13, 35], "uv_size": [1, 1]},
								"down": {"uv": [35, 14], "uv_size": [1, -1]}
							}
						}
					]
				},
				{
					"name": "LeftLeg",
					"parent": "DownBody",
					"pivot": [1.5, 1.25, 0],
					"cubes": [
						{
							"origin": [1, 0, -0.5],
							"size": [1, 1.25, 1],
							"uv": {
								"north": {"uv": [43, 2], "uv_size": [1, 1.5]},
								"east": {"uv": [43, 4], "uv_size": [1, 1.5]},
								"south": {"uv": [43, 14], "uv_size": [1, 1.5]},
								"west": {"uv": [43, 16], "uv_size": [1, 1.5]},
								"up": {"uv": [42, 31], "uv_size": [1, 1]},
								"down": {"uv": [17, 44], "uv_size": [1, -1]}
							}
						}
					]
				}
			]
		}
	]
}