{
	"format_version": "1.12.0",
	"minecraft:geometry": [
		{
			"description": {
				"identifier": "geometry.unknown",
				"texture_width": 64,
				"texture_height": 64,
				"visible_bounds_width": 3,
				"visible_bounds_height": 2.5,
				"visible_bounds_offset": [0, 0.75, 0]
			},
			"bones": [
				{
					"name": "Root",
					"pivot": [0, -0.25, 0]
				},
				{
					"name": "MAllBody",
					"parent": "Root",
					"pivot": [0, 4.25, 0]
				},
				{
					"name": "AllBody",
					"parent": "MAllBody",
					"pivot": [0, 3.75, 0]
				},
				{
					"name": "UpBody",
					"parent": "AllBody",
					"pivot": [0, 7.5, 0]
				},
				{
					"name": "MUpperBody",
					"parent": "UpBody",
					"pivot": [0, 7.5, 0]
				},
				{
					"name": "UpperBody",
					"parent": "MUpperBody",
					"pivot": [0, 7.75, 0]
				},
				{
					"name": "AllHead",
					"parent": "UpperBody",
					"pivot": [0, 7.75, 0]
				},
				{
					"name": "MHead",
					"parent": "AllHead",
					"pivot": [0, 7.5, 0]
				},
				{
					"name": "Head",
					"parent": "MHead",
					"pivot": [-0.02, 7.60571, 0.42229],
					"cubes": [
						{"origin": [-2.6, 9.85071, -2.03271], "size": [5, 1, 5], "uv": [15, 16]},
						{"origin": [-2.05, 10.40071, -1.45771], "size": [4, 1, 4], "uv": [28, 5]},
						{"origin": [3.325, 5.40071, -2.03271], "size": [1, 3, 5], "uv": [32, 21], "mirror": true},
						{"origin": [2.775, 5.55071, -1.65771], "size": [2, 2, 4], "uv": [22, 35], "mirror": true},
						{"origin": [2.675, 5.22571, -2.60771], "size": [1, 4, 6], "uv": [31, 11], "mirror": true},
						{"origin": [-4.325, 5.40071, -2.03271], "size": [1, 3, 5], "uv": [32, 21]},
						{"origin": [-4.775, 5.55071, -1.65771], "size": [2, 2, 4], "uv": [22, 35]},
						{"origin": [-3.675, 5.22571, -2.60771], "size": [1, 4, 6], "uv": [31, 11]},
						{"origin": [-3, 5.40071, -3.03271], "size": [6, 5, 7], "uv": [0, 0]},
						{"origin": [-3.05, 5.05071, -2.65771], "size": [6, 1, 6], "uv": [1, 32]}
					]
				},
				{
					"name": "LeftShoulderLocator",
					"parent": "Head",
					"pivot": [2.25, 11.25, 0]
				},
				{
					"name": "RightShoulderLocator",
					"parent": "Head",
					"pivot": [-2.25, 10.25, 1]
				},
				{
					"name": "RightEar",
					"parent": "Head",
					"pivot": [-2.2782, 10.39295, 0.59229],
					"cubes": [
						{"origin": [-14.91159, 7.34954, -0.40771], "size": [1, 1, 2], "pivot": [-13.43531, 6.21002, 0.625], "rotation": [0, 0, 101.75], "uv": [0, 0], "mirror": true},
						{"origin": [-15.26871, 7.74475, -0.90771], "size": [2, 1, 3], "pivot": [-13.43531, 6.21002, 0.625], "rotation": [0, 0, 101.75], "uv": [13, 12], "mirror": true},
						{"origin": [-15.94054, 7.49585, -0.90771], "size": [3, 2, 3], "pivot": [-13.28324, 5.55634, 1.125], "rotation": [0, 0, 94.25], "uv": [23, 11], "mirror": true},
						{"origin": [-13.12619, 7.31258, -0.90771], "size": [1, 1, 3], "pivot": [-11.91609, 5.6605, 1.125], "rotation": [0, 0, 111.75], "uv": [9, 21], "mirror": true},
						{"origin": [-14.02761, 9.18826, -0.90771], "size": [1, 1, 3], "pivot": [-12.80567, 6.15245, 1.125], "rotation": [0, 0, 81.75], "uv": [14, 22], "mirror": true},
						{"origin": [-11.65732, 6.61111, -0.90771], "size": [2, 2, 3], "pivot": [-10.61366, 5.56371, 1.125], "rotation": [0, 0, 76.75], "uv": [35, 0], "mirror": true},
						{"origin": [-8.30359, 6.48194, -0.90771], "size": [1, 3, 3], "pivot": [-8.37761, 6.01617, 0.625], "rotation": [0, 0, 59.25], "uv": [42, 2], "mirror": true},
						{"origin": [-9.50012, 6.56108, -0.90771], "size": [2, 4, 3], "pivot": [-8.45646, 7.01368, 1.125], "rotation": [0, 0, 76.75], "uv": [34, 31], "mirror": true},
						{"origin": [-5.7855, 8.34582, -0.90771], "size": [2, 3, 3], "pivot": [-5.38989, 8.37629, 1.125], "rotation": [0, 0, 69.25], "uv": [10, 39], "mirror": true},
						{"origin": [-4.84589, 10.13857, -0.90771], "size": [1, 2, 3], "pivot": [-3.27381, 9.67223, 0.625], "rotation": [0, 0, 91.75], "uv": [0, 39], "mirror": true},
						{"origin": [-5.3274, 9.25624, -0.90771], "size": [2, 3, 3], "pivot": [-5.38989, 8.37629, 1.125], "rotation": [0, 0, 41.75], "uv": [0, 39], "mirror": true}
					]
				},
				{
					"name": "LeftEar",
					"parent": "Head",
					"pivot": [2.53633, 10.31704, 0.59229],
					"cubes": [
						{"origin": [8.63518, 4.01938, -0.40771], "size": [1, 1, 2], "pivot": [9.47766, 6.65622, 0.625], "rotation": [0, 0, -101.75], "uv": [0, 0]},
						{"origin": [7.9923, 4.41459, -0.90771], "size": [2, 1, 3], "pivot": [9.47766, 6.65622, 0.625], "rotation": [0, 0, -101.75], "uv": [13, 12]},
						{"origin": [8.16833, 4.02587, -0.90771], "size": [3, 2, 3], "pivot": [9.32559, 6.00254, 1.125], "rotation": [0, 0, -94.25], "uv": [23, 11]},
						{"origin": [6.21406, 4.2688, -0.90771], "size": [1, 1, 3], "pivot": [7.95844, 6.10669, 1.125], "rotation": [0, 0, -111.75], "uv": [9, 21]},
						{"origin": [9.12232, 5.6348, -0.90771], "size": [1, 1, 3], "pivot": [8.84802, 6.59865, 1.125], "rotation": [0, 0, -81.75], "uv": [14, 22]},
						{"origin": [6.10043, 3.07743, -0.90771], "size": [2, 2, 3], "pivot": [6.65601, 6.0099, 1.125], "rotation": [0, 0, -76.75], "uv": [35, 0]},
						{"origin": [4.92492, 3.25297, -0.90771], "size": [1, 3, 3], "pivot": [4.41997, 6.46237, 0.625], "rotation": [0, 0, -59.25], "uv": [42, 2]},
						{"origin": [3.94323, 3.02741, -0.90771], "size": [2, 4, 3], "pivot": [4.49881, 7.45988, 1.125], "rotation": [0, 0, -76.75], "uv": [34, 31]},
						{"origin": [0.74466, 4.8985, -0.90771], "size": [2, 3, 3], "pivot": [1.43225, 8.82249, 1.125], "rotation": [0, 0, -69.25], "uv": [10, 39]},
						{"origin": [-0.75472, 6.63678, -0.90771], "size": [1, 2, 3], "pivot": [-0.68384, 10.11843, 0.625], "rotation": [0, 0, -91.75], "uv": [0, 39]},
						{"origin": [1.98079, 6.67217, -0.90771], "size": [2, 3, 3], "pivot": [1.43225, 8.82249, 1.125], "rotation": [0, 0, -41.75], "uv": [0, 39]}
					]
				},
				{
					"name": "Arm",
					"parent": "UpperBody",
					"pivot": [0, 4.5, 0]
				},
				{
					"name": "RightArm",
					"parent": "Arm",
					"pivot": [-2.56006, 4.41153, 0.54641],
					"cubes": [
						{"origin": [-4.04373, 3.74476, 0.04641], "size": [2, 1, 1], "pivot": [-2.41698, 4.07861, -0.05], "rotation": [0, 0, -7.5], "uv": [0, 5]}
					]
				},
				{
					"name": "RightHandLocator",
					"parent": "RightArm",
					"pivot": [-4, 4.25, 0]
				},
				{
					"name": "LeftArm",
					"parent": "Arm",
					"pivot": [2.5, 4.25, 0],
					"cubes": [
						{"origin": [2.04026, 3.74781, 0.04641], "size": [2, 1, 1], "pivot": [2.39198, 4.05361, -0.05], "rotation": [0, 0, 7.5], "uv": [0, 5], "mirror": true}
					]
				},
				{
					"name": "LeftHandLocator",
					"parent": "LeftArm",
					"pivot": [3.75, 3.75, 0]
				},
				{
					"name": "ElytraLocator",
					"parent": "UpperBody",
					"pivot": [0, 5, 3.25]
				},
				{
					"name": "DownBody",
					"parent": "AllBody",
					"pivot": [0, 3.25, 0]
				},
				{
					"name": "Body",
					"parent": "DownBody",
					"pivot": [0.00625, 2.88142, 0.46352],
					"cubes": [
						{"origin": [-1.975, 1.35642, -1.90211], "size": [4, 4, 5], "uv": [0, 12]},
						{"origin": [1.525, 1.35642, -1.52711], "size": [1, 4, 4], "uv": [42, 41]},
						{"origin": [1.775, 1.50642, -1.07711], "size": [1, 3, 3], "uv": [10, 45]},
						{"origin": [-3.05, 1.68142, -0.60211], "size": [1, 2, 2], "uv": [0, 21], "mirror": true},
						{"origin": [-2.525, 1.35642, -1.52711], "size": [1, 4, 4], "uv": [42, 41], "mirror": true},
						{"origin": [-2.775, 1.50642, -1.07711], "size": [1, 3, 3], "uv": [10, 45], "mirror": true},
						{"origin": [-1.975, 1.10642, -0.97711], "size": [4, 1, 3], "uv": [21, 1]},
						{"origin": [2.05, 1.68142, -0.60211], "size": [1, 2, 2], "uv": [0, 21]}
					]
				},
				{
					"name": "tail",
					"parent": "Body",
					"pivot": [0, -0.25, 0],
					"cubes": [
						{"origin": [-0.475, 2.44884, 3.83205], "size": [1, 1, 1], "pivot": [0.025, 3.67329, 4.13793], "rotation": [-7.5, 0, 0], "uv": [14, 28]},
						{"origin": [-0.67118, 6.05135, 3.97726], "size": [1, 1, 1], "pivot": [0.15399, 4.77626, 4.28314], "rotation": [6.1552, -4.2936, -145.231], "uv": [24, 28]},
						{"origin": [-0.74145, 5.87501, 3.97726], "size": [1, 1, 1], "pivot": [0.15399, 4.77626, 4.28314], "rotation": [3.4787, -6.6485, -117.7021], "uv": [18, 28]},
						{"origin": [-1.38654, 5.20541, 3.97726], "size": [1, 1, 1], "pivot": [0.15399, 4.77626, 4.28314], "rotation": [-2.8842, -6.9262, -67.3254], "uv": [24, 26]},
						{"origin": [-0.8923, 4.88977, 3.97726], "size": [1, 1, 1], "pivot": [0.15399, 4.77626, 4.28314], "rotation": [-5.3185, -5.2957, -44.7539], "uv": [18, 26]},
						{"origin": [-0.5606, 4.63149, 3.97726], "size": [1, 1, 1], "pivot": [0.15399, 4.77626, 4.28314], "rotation": [-7.4366, -0.9762, -7.4366], "uv": [14, 26]},
						{"origin": [0.05123, 4.67198, 3.97726], "size": [1, 1, 1], "pivot": [0.15399, 4.77626, 4.28314], "rotation": [-7.1566, 2.2494, 17.3593], "uv": [26, 6]},
						{"origin": [0.42945, 5.01379, 3.97726], "size": [1, 1, 1], "pivot": [0.15399, 4.77626, 4.28314], "rotation": [-4.8371, 5.7385, 49.7574], "uv": [21, 25]},
						{"origin": [0.41252, 5.53451, 3.97726], "size": [1, 1, 1], "pivot": [0.15399, 4.77626, 4.28314], "rotation": [-0.329, 7.4928, 87.4785], "uv": [27, 22]},
						{"origin": [-0.19936, 5.90945, 3.97726], "size": [1, 1, 1], "pivot": [0.15399, 4.77626, 4.28314], "rotation": [5.0827, 5.5223, 132.7453], "uv": [23, 22]},
						{"origin": [-1.29767, 5.4678, 3.97726], "size": [1, 1, 1], "pivot": [0.15399, 4.77626, 4.28314], "rotation": [7.3873, -1.2988, -170.0838], "uv": [21, 27]},
						{"origin": [-1.18621, 4.90283, 3.97726], "size": [1, 1, 1], "pivot": [0.15399, 4.77626, 4.28314], "rotation": [5.3185, -5.2957, -135.2461], "uv": [19, 22]},
						{"origin": [-0.475, 1.83142, 2.82289], "size": [1, 1, 1], "uv": [24, 24]},
						{"origin": [-0.475, 2.08561, 3.06108], "size": [1, 1, 1], "pivot": [0.025, 3.26535, 3.87805], "rotation": [32.5, 0, 0], "uv": [24, 24]}
					]
				},
				{
					"name": "RightLeg",
					"parent": "DownBody",
					"pivot": [-1.6, 1.475, 0.625],
					"cubes": [
						{"origin": [-2.1, -0.025, 0.125], "size": [1, 2, 1], "uv": [0, 12]}
					]
				},
				{
					"name": "LeftLeg",
					"parent": "DownBody",
					"pivot": [1.75, 1.475, 0.625],
					"cubes": [
						{"origin": [1.25, -0.025, 0.125], "size": [1, 2, 1], "uv": [0, 12]}
					]
				}
			]
		}
	]
}